Performance_Score,Leadership_Score,Projects_Handled,Peer_Review_Score,Leadership_Index,Potential_Index,Growth_Momentum,Leadership_Influence,Performance_Consistency,Cluster,Characteristics,Employee_ID,Age
-0.701018356081091,-0.2201835219585688,1.6278917329449032,0.3490112651464682,0.1723933595927754,-0.805039220613929,0.2604054869879144,-0.1753442440371674,0.3572387561988731,4,Strategic High Performers,EMP0001,24.0
1.465699130720695,-0.1843396928025228,0.178265802716759,-1.5917873958324322,-1.4438546639879517,-1.2813227793571391,-0.1351833544773346,-0.363274251115573,1.0969782465433002,1,Leadership-Oriented,EMP0002,50.0
1.465699130720695,-1.1162792508597208,-0.7277504036758311,1.231192474682332,0.4202841607554635,0.2334150959901207,-0.2809547838806696,0.276325075025483,0.0091260548603192,2,Low Consistent Performers,EMP0003,56.0
0.743459968453433,0.0307232821337536,-0.7277504036758311,0.0314260297135572,0.0434901429881774,-1.296938633742163,0.1337297954745939,-0.2298854448296384,-0.2519584711435962,2,Low Consistent Performers,EMP0004,39.0
0.743459968453433,0.4966930611623527,1.0842820091093492,0.2784367683835991,0.5095248491740312,-0.4458745697583929,0.0239217955102618,-0.2440451796507607,1.4886050355491736,4,Strategic High Performers,EMP0005,41.0
-1.423257518348353,0.9268190110349056,1.6278917329449032,-0.6743189379151339,-0.0556661774768977,0.5691559652681214,-0.1811053126102753,-0.3195331165867437,-0.4695289094801924,0,Emerging Performers,EMP0006,44.0
0.743459968453433,0.8909751818788595,-0.9089536449543492,1.4076287165895047,1.6795694306619189,0.7799699994659356,-0.2971250390478688,-0.1996096960344756,-0.4260148218128731,2,Low Consistent Performers,EMP0007,55.0
0.0212208061861709,0.6042245486304909,-0.3653439211187951,-1.133053166873783,-0.6208572041278267,0.3271102223002601,-0.2910141986195958,-0.3404216100386445,-0.2519584711435962,1,Leadership-Oriented,EMP0008,41.0
-0.701018356081091,0.8909751818788595,1.6278917329449032,-0.5331699443893956,0.0434901429881771,1.2640614854016583,-0.2227635165006478,-0.3106207749500725,0.3572387561988731,4,Strategic High Performers,EMP0009,31.0
-1.423257518348353,1.5003202775316429,-1.6337666100684212,-1.768223637739605,-0.6605197323138566,-0.914350201309092,-0.3492889470585696,-0.3816331405828844,-1.2527824874919389,1,Leadership-Oriented,EMP0010,54.0
0.743459968453433,0.0307232821337536,-0.9089536449543492,1.5134904617338083,1.2928597808481257,0.0928724065249107,-0.2577772636087624,-0.1059877651448185,-0.4260148218128731,2,Low Consistent Performers,EMP0011,54.0
0.743459968453433,-1.259654567483905,-0.002937438561759,-0.6037444411522648,-1.205879494871771,-0.4224507881808579,-0.2383766959545137,-0.0573136766972106,0.4442669315335116,1,Leadership-Oriented,EMP0012,47.0
-1.423257518348353,1.607851764999781,-1.452563368789903,1.2664797230637663,1.9572071279641288,1.3265249029417516,-0.346815658316683,-0.2442664255073408,-1.2092683998246194,0,Emerging Performers,EMP0013,41.0
0.743459968453433,-0.1126520344904306,0.7218755265523131,0.0667132780949918,-0.0060880172443605,-0.6098410408011374,-0.047388153532789,-0.2139065774099692,1.1404923342106197,4,Strategic High Performers,EMP0014,36.0
0.743459968453433,-1.008747763391583,0.7218755265523131,-0.1097229638121809,-0.6506041002673497,0.3973815670328655,-0.230571087448009,-0.0631494369722203,1.1404923342106197,4,Strategic High Performers,EMP0015,58.0
0.743459968453433,-1.7614681756685502,-1.452563368789903,-1.6976491409767358,-2.4056709724991814,0.2021833872200742,-0.3538387402522008,-0.1531868812152261,-0.948183873820704,1,Leadership-Oriented,EMP0016,54.0
-1.423257518348353,0.675912206942583,-0.002937438561759,0.59602200381651,0.8764032348948099,-0.6723044583412306,0.0761167165459394,-0.2342682198933191,-0.8611556984860655,0,Emerging Performers,EMP0017,38.0
0.0212208061861709,0.0307232821337536,-1.452563368789903,-0.0038612186678773,0.0137432468486548,-0.4380666425658812,-0.3300447278066294,-0.2328353895840389,-1.0352120491553425,2,Low Consistent Performers,EMP0018,26.0
-1.423257518348353,1.536164106687689,1.265485250387867,1.2664797230637663,1.9175445997781,0.2177992416050977,0.0484841112917571,-0.2413086351551892,-0.5565570848148309,0,Emerging Performers,EMP0019,25.0
-1.423257518348353,0.4250054028502605,0.359469043995277,0.7724582457236828,0.8863188669413169,-0.5708014048385794,0.0929618182474379,-0.2055366944758567,-0.7741275231514271,0,Emerging Performers,EMP0020,24.0
0.743459968453433,-0.8295286176113522,1.4466884916663851,-0.0391484670493118,-0.4919539875232291,-1.4843288863624424,0.9805593575263952,-0.109359130578419,1.836717736887728,4,Strategic High Performers,EMP0021,42.0
0.0212208061861709,-1.008747763391583,-0.7277504036758311,0.9136072392494212,0.2120558877788053,0.522308402113052,-0.299581875758213,0.1302643321423847,-0.5130429971475117,2,Low Consistent Performers,EMP0022,24.0
-0.701018356081091,-1.7614681756685502,-0.002937438561759,1.0194689843937248,-0.115159969755943,1.5763785731021247,-0.2971250390478688,5.752602517094525,-0.4260148218128731,3,Reliable Core Talent,EMP0023,42.0
1.465699130720695,-0.6144656426750758,1.4466884916663851,-0.0038612186678773,-0.3432195068256162,-0.1101337004803922,-0.1201135319851086,-0.1531868812152261,2.6199713148994737,4,Strategic High Performers,EMP0024,29.0
-0.701018356081091,1.07019432765909,-0.002937438561759,1.3017669714452011,1.6894850627084266,2.052662131845335,-0.290367283771192,-0.2166289029703573,-0.4260148218128731,0,Emerging Performers,EMP0025,57.0
0.743459968453433,1.3569449609074584,-0.5465471623973132,0.3842985135279028,1.0747158758249604,-1.0392770363892785,1.625384784463756,-0.2764216519664729,-0.0779021204743192,2,Low Consistent Performers,EMP0026,50.0
-0.701018356081091,-1.4388737132641356,1.0842820091093492,0.1725750232392954,-0.6506041002673494,0.2412230231826324,-0.1963947339237566,0.3976482574700989,0.0961542301949577,1,Leadership-Oriented,EMP0027,55.0
0.0212208061861709,0.0307232821337536,0.7218755265523131,-1.3800639055438249,-1.1463857025927258,-1.5467923039025355,0.117378411654488,-0.3478832350056574,0.5312951068681501,1,Leadership-Oriented,EMP0028,43.0
0.0212208061861709,0.0665671112897997,-1.8149698513469392,-1.521212899069563,-1.245542023057801,-0.6332648223786724,-0.3690752569936631,-0.3601282887031689,-1.296296575159258,1,Leadership-Oriented,EMP0029,52.0
0.743459968453433,0.4250054028502605,-1.452563368789903,-1.6623618925953014,-1.166216966685741,0.7877779266584479,-0.3543124143477902,-0.3735430719169504,-0.948183873820704,1,Leadership-Oriented,EMP0030,49.0
0.0212208061861709,0.3891615736942144,-0.3653439211187951,-0.0038612186678773,0.2120558877788053,-1.2813227793571391,0.4449900660501815,-0.257101064176688,-0.2519584711435962,1,Leadership-Oriented,EMP0031,56.0
0.743459968453433,-0.4352464968948453,0.5406722852737951,-1.238914912018087,-1.285204551243831,0.4442291301879349,-0.2607712447173622,-0.3203504172979197,0.9664359835413424,4,Strategic High Performers,EMP0032,55.0
0.743459968453433,-1.152123080015767,0.7218755265523131,-1.7329363893581704,-2.0982863790574484,-1.9918441538757,0.1423247536364444,-0.3671355060343764,1.1404923342106197,1,Leadership-Oriented,EMP0033,34.0
-1.423257518348353,-1.7614681756685502,1.4466884916663851,0.8430327424865519,-0.263894450453556,-0.7035361671112772,0.0808029478463562,5.369109699022463,-0.5130429971475117,3,Reliable Core Talent,EMP0034,25.0
-0.701018356081091,-0.291871180270661,-0.002937438561759,-0.2155847089564846,-0.3432195068256162,-0.4771062785284397,-0.1931969464594991,-0.2227506947259722,-0.4260148218128731,1,Leadership-Oriented,EMP0035,27.0
-1.423257518348353,-0.721997130143214,0.7218755265523131,0.0667132780949918,-0.3432195068256162,-1.211051434624535,0.2541935059617805,-0.1210229674414402,-0.6870993478167886,1,Leadership-Oriented,EMP0036,22.0
0.743459968453433,0.4966930611623527,-0.002937438561759,-1.133053166873783,-0.680350996406872,-0.7269599486888124,-0.1909984675778221,-0.3384434117915759,0.4442669315335116,1,Leadership-Oriented,EMP0037,33.0
1.465699130720695,0.0307232821337536,1.265485250387867,-1.062478670110914,-0.8786636373370226,-0.7503837302663472,-0.0772867827701164,-0.3213337322160532,2.402400876562877,4,Strategic High Performers,EMP0038,56.0
1.465699130720695,0.0307232821337536,0.9030787678308312,-0.3567337024822228,-0.283725714546571,-1.2813227793571391,0.3677942164511963,-0.2623348371280437,1.9672599998896847,4,Strategic High Performers,EMP0039,32.0
0.743459968453433,0.4608492320063066,-0.002937438561759,0.9488944876308556,1.054884611731945,1.6076102818721711,-0.2857644783195854,-0.196329823248333,0.4442669315335116,2,Low Consistent Performers,EMP0040,44.0
1.465699130720695,-1.4388737132641356,-0.002937438561759,-0.4273081992450919,-1.1563013346392337,-0.0710940645178334,-0.2586400387512811,0.1605799699346425,0.879407808206704,4,Strategic High Performers,EMP0041,35.0
-0.701018356081091,1.3927887900635043,-0.5465471623973132,0.1020005264764263,0.8565719708017946,0.5769638924606326,-0.2831071517584295,-0.2912442957211683,-0.6870993478167886,0,Emerging Performers,EMP0042,40.0
-1.423257518348353,-1.3671860549520434,-0.002937438561759,-1.5917873958324322,-2.0982863790574484,-1.4140575416298375,-0.179126681616766,-0.3124838979528517,-0.8611556984860655,1,Leadership-Oriented,EMP0043,58.0
-0.701018356081091,1.5003202775316429,1.6278917329449032,0.59602200381651,1.3325223090341556,-0.2116367539830435,0.1722781828304936,-0.2711212317191074,0.3572387561988731,0,Emerging Performers,EMP0044,37.0
0.0212208061861709,0.4250054028502605,-0.002937438561759,0.4548730102907719,0.618596801685614,-0.8831184925390454,0.1788533258243093,-0.2274505697942603,0.0091260548603192,2,Low Consistent Performers,EMP0045,49.0
-1.423257518348353,0.0307232821337536,-1.452563368789903,0.9841817360122902,0.8466563387552869,1.5451468643320776,-0.3525099742573058,-0.1502369364608256,-1.2092683998246194,0,Emerging Performers,EMP0046,52.0
-1.423257518348353,-0.0409643761783384,-0.9089536449543492,0.2784367683835991,0.2120558877788053,-0.3287556618707182,-0.271498934026079,-0.20227396192845,-1.0787261368226615,0,Emerging Performers,EMP0047,28.0
-0.701018356081091,-1.3671860549520434,1.265485250387867,0.7724582457236828,-0.1052443377094357,1.2718694125941703,-0.2345283494350276,0.4781012962264754,0.1831824055295961,0,Emerging Performers,EMP0048,48.0
0.743459968453433,-0.75784095929926,1.6278917329449032,1.6546394552595467,0.9755595553598853,0.5925797468456562,-0.1062823250401889,0.1178147102223641,2.0107740875570044,4,Strategic High Performers,EMP0050,28.0
-0.701018356081091,0.1024109404458458,0.5406722852737951,-1.3447766571623905,-1.0769762782671728,-0.6723044583412306,-0.1741280348963213,-0.3463536340218942,-0.1649302958089577,1,Leadership-Oriented,EMP0051,36.0
1.465699130720695,-0.5069341552069375,-0.002937438561759,-0.6390316895336993,-0.8191698450579773,0.4910766933430049,-0.2789097939983005,-0.2464689180435654,0.879407808206704,4,Strategic High Performers,EMP0052,33.0
-0.701018356081091,-0.9370601050794904,0.359469043995277,-0.18029746057505,-0.6704353643603643,-0.4146428609883464,-0.1852540550160207,-0.1010318579574257,-0.2519584711435962,1,Leadership-Oriented,EMP0053,29.0
1.465699130720695,-0.5786218135190296,-1.452563368789903,-1.2742021603995213,-1.394276503755414,-0.0398623557477869,-0.3491505812548278,-0.3175409461032526,-0.8611556984860655,1,Leadership-Oriented,EMP0054,23.0
-0.701018356081091,-0.1843396928025228,0.5406722852737951,0.8077454941051174,0.5789342734995838,-0.6879203127262542,0.131464907850863,-0.1365132804294843,-0.1649302958089577,0,Emerging Performers,EMP0055,59.0
0.743459968453433,0.1382547696018919,-1.2713601275113853,-1.062478670110914,-0.8191698450579773,0.9439364705086808,-0.3465813467516621,-0.324712759843821,-0.7741275231514271,1,Leadership-Oriented,EMP0056,47.0
0.0212208061861709,1.106038156815136,0.178265802716759,-0.9213296765851756,-0.1647381299884807,-0.4224507881808582,-0.1847134044219688,-0.3365151552204068,0.1396683178622769,1,Leadership-Oriented,EMP0057,42.0
0.0212208061861709,-1.2238107383278591,-0.3653439211187951,-1.5565001474509976,-1.989214426545865,-0.867502638154022,-0.2625620371561507,-0.3201190490818883,-0.2519584711435962,1,Leadership-Oriented,EMP0058,34.0
0.743459968453433,0.4250054028502605,-1.6337666100684212,-1.5565001474509976,-1.076976278267173,-1.2266672890095578,-0.34572092395552,-0.3662384468108159,-1.122240224489981,1,Leadership-Oriented,EMP0059,40.0
0.0212208061861709,-1.3313422257959973,1.4466884916663851,-1.5917873958324322,-2.078455114964433,-0.266292244330625,-0.1958113537782502,-0.3175409461032526,1.053464158875981,1,Leadership-Oriented,EMP0060,39.0
1.465699130720695,-1.2954983966399511,-1.6337666100684212,0.3137240167650336,-0.4522914593371988,0.6784669459632844,-0.3598245146863467,0.2303059368568356,-1.0787261368226615,2,Low Consistent Performers,EMP0061,23.0
0.743459968453433,0.9268190110349056,-0.3653439211187951,-0.4273081992450919,0.15256209549976,0.959552324893704,-0.2987239327799975,-0.3055879232023052,0.0961542301949577,2,Low Consistent Performers,EMP0062,49.0
0.0212208061861709,-1.689780517356458,1.4466884916663851,-0.0038612186678773,-0.938157429616068,0.0928724065249107,-0.1733267251167081,1.5725308001090517,1.053464158875981,4,Strategic High Performers,EMP0063,44.0
0.0212208061861709,-1.725624346512504,1.0842820091093492,-0.815467931440872,-1.642167304918102,0.6940828003483085,-0.2509725158266804,1.0484239487439009,0.7923796328720655,4,Strategic High Performers,EMP0064,25.0
-0.701018356081091,-0.2201835219585688,0.359469043995277,-0.9566169249666102,-0.9282417975695602,-0.4614904241434159,-0.2014735728375774,-0.3014707708697566,-0.2519584711435962,1,Leadership-Oriented,EMP0065,25.0
-1.423257518348353,-1.1162792508597208,1.265485250387867,1.0900434811565938,0.3012965761973729,1.3421407573267752,-0.228270353734626,0.245645649579718,-0.5565570848148309,0,Emerging Performers,EMP0066,33.0
-0.701018356081091,-1.4747175424201815,-1.0901568862328672,-0.5331699443893956,-1.265373287150816,-0.1413654092504387,-0.3245560596397028,0.1689470859653057,-0.948183873820704,1,Leadership-Oriented,EMP0067,43.0
-1.423257518348353,-0.9370601050794904,1.4466884916663851,-1.2742021603995213,-1.5925891446855645,-1.85130146441049,0.4322702953776214,-0.2912442957211683,-0.5130429971475117,1,Leadership-Oriented,EMP0068,41.0
0.743459968453433,-1.689780517356458,-1.0901568862328672,0.5607347554350756,-0.4622070913837065,1.310909048556728,-0.3395495717019174,2.1861193090243507,-0.6000711724821501,2,Low Consistent Performers,EMP0069,56.0
-0.701018356081091,1.177725815127228,0.178265802716759,-0.9213296765851756,-0.1250756018024504,1.232829776631612,-0.2865975861063262,-0.3376286651451225,-0.3389866464782347,0,Emerging Performers,EMP0070,25.0
0.743459968453433,1.2852573025953664,1.4466884916663851,-1.80351088612104,-0.8092542130114699,-0.6644965311487195,-0.0903463692123467,-0.3832825720584631,1.836717736887728,4,Strategic High Performers,EMP0071,33.0
0.0212208061861709,-1.689780517356458,-0.5465471623973132,-0.8507551798223066,-1.6520829369646095,0.4988846205355161,-0.3139796757379333,0.6521480367361034,-0.3825007341455539,1,Leadership-Oriented,EMP0072,25.0
-0.701018356081091,-1.5105613715762276,-0.184140679840277,-0.0038612186678773,-0.8390011091509926,-1.820069755640444,1.767846215996429,0.4859678155715435,-0.5130429971475117,1,Leadership-Oriented,EMP0073,52.0
1.465699130720695,0.209942427913984,0.9030787678308312,-0.6743189379151339,-0.4522914593371988,-0.7894233662289054,-0.050131753562306,-0.2971648865966668,1.9672599998896847,4,Strategic High Performers,EMP0074,28.0
0.0212208061861709,-0.1126520344904306,-0.184140679840277,0.6313092521979446,0.4698623209880012,0.1241041152949577,-0.2312093555104313,-0.1627742016670276,-0.1214162081416385,2,Low Consistent Performers,EMP0075,31.0
1.465699130720695,-0.7936847884553061,1.6278917329449032,1.1959052263008976,0.5690186414530765,1.849656024840032,-0.2316759067844862,0.0663296974053333,2.83754175323607,4,Strategic High Performers,EMP0076,45.0
1.465699130720695,0.2457862570700301,-0.184140679840277,-0.9919041733480448,-0.700182260499887,0.7175065819258432,-0.2945314846800552,-0.3224526767780671,0.6618373698701078,4,Strategic High Performers,EMP0077,36.0
-1.423257518348353,1.3569449609074584,-0.3653439211187951,0.59602200381651,1.2531972526620956,1.9745828599202189,-0.3097163271883828,-0.2660802726027319,-0.948183873820704,0,Emerging Performers,EMP0078,41.0
1.465699130720695,-0.5786218135190296,-1.0901568862328672,0.3137240167650336,-0.0556661774768977,0.0382169161773294,-0.3137504292139844,-0.1203160682376208,-0.4260148218128731,2,Low Consistent Performers,EMP0079,28.0
-0.701018356081091,-1.3313422257959973,-0.7277504036758311,1.160617977919463,0.241802783918328,0.2958785135302131,-0.2884367108430936,0.537100191314485,-0.7741275231514271,0,Emerging Performers,EMP0080,34.0
0.743459968453433,-0.6144656426750758,-1.0901568862328672,-0.18029746057505,-0.4919539875232291,-1.4062496144373258,-0.1411369665413866,-0.1757452822782885,-0.6000711724821501,1,Leadership-Oriented,EMP0081,49.0
1.465699130720695,-0.1843396928025228,0.7218755265523131,-0.9213296765851756,-0.8786636373370226,1.0610553783963557,-0.268344951869551,-0.2999145681297541,1.749689561553089,4,Strategic High Performers,EMP0082,39.0
-1.423257518348353,-1.4030298841080897,-0.002937438561759,1.442915964970939,0.4401154248484782,0.4988846205355172,-0.2418775502680623,0.792762070029193,-0.8611556984860655,0,Emerging Performers,EMP0083,32.0
1.465699130720695,0.4608492320063066,1.0842820091093492,0.0314260297135572,0.2814653121043583,0.7487382906958897,-0.2085553341399472,-0.2586474061850431,2.1848304382262813,4,Strategic High Performers,EMP0084,57.0
0.743459968453433,-0.1126520344904306,-0.002937438561759,1.0547562327751592,0.8268250746622723,0.2646468047601672,-0.2107847775129155,-0.1244249198598214,0.4442669315335116,2,Low Consistent Performers,EMP0085,57.0
-0.701018356081091,1.3927887900635043,1.6278917329449032,-0.0038612186678773,0.767331282383227,0.1553358240650036,-0.0748614310022736,-0.2963575332954625,0.3572387561988731,0,Emerging Performers,EMP0086,23.0
1.465699130720695,0.9985066693469976,-1.452563368789903,-0.6037444411522648,0.0434901429881774,-1.2891307065496511,-0.2395648646912332,-0.3172635552764373,-0.8611556984860655,2,Low Consistent Performers,EMP0087,38.0
0.0212208061861709,0.5325368903183988,1.6278917329449032,-1.133053166873783,-0.6605197323138571,-1.3125544881271862,0.2753931237493806,-0.3391227930077409,1.1840064218779387,4,Strategic High Performers,EMP0088,27.0
0.743459968453433,-1.5822490298883198,-0.184140679840277,-0.6743189379151339,-1.4438546639879517,-2.069923425800816,0.9130776268003924,0.3179614381304497,0.2702105808642346,1,Leadership-Oriented,EMP0089,44.0
1.465699130720695,1.3927887900635043,0.5406722852737951,-0.0038612186678773,0.767331282383227,0.1553358240650036,-0.1677710602627124,-0.2963575332954625,1.5321191232164928,4,Strategic High Performers,EMP0090,37.0
0.743459968453433,-1.080435421703675,-1.8149698513469392,0.4901602586722064,-0.1845693940814957,-0.2741001715231367,-0.3690752569936631,0.0915180598402799,-1.296296575159258,2,Low Consistent Performers,EMP0091,47.0
0.743459968453433,0.0307232821337536,0.7218755265523131,-1.0977659184923485,-0.9084105334765448,0.0147931345997942,-0.2191158553803233,-0.3242836769704537,1.1404923342106197,4,Strategic High Performers,EMP0092,22.0
0.743459968453433,0.3174739153821223,1.265485250387867,1.231192474682332,1.2135347244760657,1.092287087166402,-0.1856022012318875,-0.1634133563638144,1.6626613862184505,4,Strategic High Performers,EMP0093,57.0
0.743459968453433,-0.8295286176113522,-0.002937438561759,-0.0038612186678773,-0.4622070913837065,0.5613480380756102,-0.2734635579784464,-0.1038806617488181,0.4442669315335116,4,Strategic High Performers,EMP0094,51.0
-1.423257518348353,0.3533177445381684,-1.2713601275113853,1.0900434811565938,1.1143784040109896,0.8658571985835645,-0.3337542409111823,-0.1770765977508627,-1.1657543121573002,0,Emerging Performers,EMP0095,23.0
-1.423257518348353,-0.5427779843629835,-1.0901568862328672,1.6546394552595467,1.0945471399179751,0.0772565521398877,-0.2840236560786345,0.0342984965088929,-1.122240224489981,0,Emerging Performers,EMP0096,41.0
-1.423257518348353,1.3927887900635043,-0.9089536449543492,-1.309489408780956,-0.3333038747791086,-0.3912190794108112,-0.2932978997954329,-0.3594207967117571,-1.0787261368226615,1,Leadership-Oriented,EMP0097,26.0
0.0212208061861709,-0.7936847884553061,1.0842820091093492,-0.1450102121936155,-0.5613634118487818,0.1162961881024454,-0.1852540550160207,-0.1346734348255404,0.7923796328720655,4,Strategic High Performers,EMP0098,52.0
-0.701018356081091,-1.0445915925476286,-0.184140679840277,-0.7096061862965684,-1.1761325987322484,-0.1569812636354622,-0.2673170916131825,-0.1671320745996647,-0.5130429971475117,1,Leadership-Oriented,EMP0099,29.0
0.0212208061861709,0.9985066693469976,1.0842820091093492,1.3017669714452011,1.649822534522397,0.6160035284231914,-0.115810489824467,-0.2124098227402787,0.7923796328720655,0,Emerging Performers,EMP0100,51.0
-1.423257518348353,-1.0445915925476286,1.265485250387867,-0.6037444411522648,-1.0868919103136807,0.1084882609099342,-0.1960863758468461,-0.1462142845230068,-0.5565570848148309,1,Leadership-Oriented,EMP0101,23.0
0.743459968453433,-0.3994026677387992,-0.9089536449543492,0.9841817360122902,0.6086811696391065,0.9829761064712386,-0.3189127811018769,-0.0803232457815343,-0.4260148218128731,2,Low Consistent Performers,EMP0102,34.0
-1.423257518348353,1.2135696442832742,-0.184140679840277,-0.1450102121936155,0.5491873773600611,0.3505340038777949,-0.2535659881833879,-0.2984629840613483,-0.9046697861533848,0,Emerging Performers,EMP0103,25.0
0.0212208061861709,-0.721997130143214,-0.3653439211187951,-1.450638402306694,-1.622336040825087,-0.24286846275309,-0.2858860998942921,-0.3337996277911003,-0.2519584711435962,1,Leadership-Oriented,EMP0104,29.0
-1.423257518348353,-1.5822490298883198,-1.2713601275113853,0.8430327424865519,-0.1647381299884807,-0.7738075118438822,-0.2835983980740594,1.2602580768218012,-1.1657543121573002,1,Leadership-Oriented,EMP0105,46.0
0.743459968453433,0.5683807194744448,1.0842820091093492,-1.1683404152552177,-0.6704353643603643,-0.5083379872984859,-0.1265877139593264,-0.3420714035492267,1.4886050355491736,4,Strategic High Performers,EMP0106,41.0
-1.423257518348353,1.607851764999781,1.6278917329449032,-0.0038612186678773,0.8863188669413169,0.6238114556157032,-0.1416158284961183,-0.30179034821815,-0.4695289094801924,0,Emerging Performers,EMP0107,35.0
-0.701018356081091,0.6042245486304909,-0.002937438561759,-1.4153511539252597,-0.8588323732440075,-0.719152021496301,-0.2053264851170277,-0.3584683308890944,-0.4260148218128731,1,Leadership-Oriented,EMP0108,50.0
0.743459968453433,0.1024109404458458,-1.0901568862328672,-0.9213296765851756,-0.720013524592902,-1.2344752162020696,-0.2478314854764947,-0.3122653835265999,-0.6000711724821501,1,Leadership-Oriented,EMP0109,42.0
-0.701018356081091,-0.8295286176113522,-0.7277504036758311,-0.1097229638121809,-0.5514477798022744,0.4676529117654702,-0.3105294632131126,-0.1203160682376208,-0.7741275231514271,1,Leadership-Oriented,EMP0110,58.0
1.465699130720695,0.7834436944107213,-0.7277504036758311,0.1372877748578609,0.5491873773600611,0.7253145091183549,-0.3048069420165175,-0.2677093940093487,0.0091260548603192,2,Low Consistent Performers,EMP0111,54.0
1.465699130720695,0.675912206942583,-0.3653439211187951,-0.4273081992450919,0.0137432468486548,-1.4374813232073729,0.5806676198908223,-0.2978184583166894,0.4442669315335116,2,Low Consistent Performers,EMP0112,46.0
1.465699130720695,-1.689780517356458,0.9030787678308312,0.9841817360122902,-0.1052443377094354,-1.0002374004267198,0.278476704518486,2.6463106907108247,1.9672599998896847,4,Strategic High Performers,EMP0113,35.0
0.0212208061861709,-0.2201835219585688,-0.184140679840277,-1.6270746442138668,-1.493432824220489,-0.758191657458859,-0.2433739938765988,-0.3662384468108159,-0.1214162081416385,1,Leadership-Oriented,EMP0114,30.0
-1.423257518348353,-0.75784095929926,-1.452563368789903,-0.0038612186678773,-0.4225445631976762,-1.3437861968972329,-0.2594895404300686,-0.1225074557694611,-1.2092683998246194,1,Leadership-Oriented,EMP0115,36.0
-1.423257518348353,-1.080435421703675,-1.0901568862328672,0.2431495200021645,-0.3927976670581539,-0.867502638154022,-0.2635482706731647,0.0403856840973383,-1.122240224489981,1,Leadership-Oriented,EMP0116,28.0
0.743459968453433,0.0665671112897997,-0.3653439211187951,-1.7329363893581704,-1.4240233998949363,-0.2584843171381135,-0.2833841703574689,-0.3774940012196396,0.0961542301949577,1,Leadership-Oriented,EMP0117,23.0
-0.701018356081091,-0.1126520344904306,0.7218755265523131,-1.238914912018087,-1.1067231744066957,-2.108963061763374,6.279124881197736,-0.3321501963155215,-0.0779021204743192,1,Leadership-Oriented,EMP0118,52.0
-0.701018356081091,-1.5464052007322735,0.5406722852737951,-1.4859256506881289,-2.108202011103956,-1.2657069249721162,-0.1485992320026218,-0.2107108039260354,-0.1649302958089577,1,Leadership-Oriented,EMP0119,28.0
0.743459968453433,1.607851764999781,-0.184140679840277,-1.4153511539252597,-0.3035569786395859,-0.1257495548654152,-0.2535659881833879,-0.365705817896827,0.2702105808642346,1,Leadership-Oriented,EMP0120,32.0
1.465699130720695,-1.3313422257959973,1.265485250387867,-0.18029746057505,-0.8885792693835302,-1.1407800898919296,0.0966640384016134,0.1207365602648179,2.402400876562877,4,Strategic High Performers,EMP0121,34.0
-0.701018356081091,0.7475998652546753,-1.8149698513469392,0.5607347554350756,0.8863188669413169,-0.1882129724055087,-0.3690752569936631,-0.2405380231094179,-1.296296575159258,0,Emerging Performers,EMP0122,34.0
-1.423257518348353,-0.5786218135190296,-1.452563368789903,1.0547562327751592,0.5690186414530765,-0.5551855504535566,-0.3043200608424481,-0.0282777919003259,-1.2092683998246194,0,Emerging Performers,EMP0123,47.0
0.0212208061861709,1.177725815127228,1.6278917329449032,-1.203627663636652,-0.3630507709186308,0.0928724065249107,-0.1525338810640004,-0.3522379153573914,1.1840064218779387,4,Strategic High Performers,EMP0124,29.0
-0.701018356081091,0.0307232821337536,-0.002937438561759,-0.6390316895336993,-0.5217008836627515,-0.2506763899456017,-0.2307631875444662,-0.2859343951632475,-0.4260148218128731,1,Leadership-Oriented,EMP0125,35.0
-1.423257518348353,0.640068377786537,-0.7277504036758311,-0.7096061862965684,-0.244063186360541,1.0532474512038443,-0.3215881131494388,-0.3143650221440637,-1.0352120491553425,0,Emerging Performers,EMP0126,23.0
1.465699130720695,0.3174739153821223,1.0842820091093492,1.1959052263008976,1.1837878283365426,1.435835883636914,-0.2220182954115492,-0.1659699751509614,2.1848304382262813,4,Strategic High Performers,EMP0127,36.0
0.0212208061861709,1.0343504985030438,-1.0901568862328672,-0.18029746057505,0.4202841607554635,0.1709516784500272,-0.3137504292139844,-0.2950792239018889,-0.7741275231514271,2,Low Consistent Performers,EMP0128,41.0
1.465699130720695,-0.1126520344904306,1.6278917329449032,-0.9566169249666102,-0.8687480052905149,-1.0470849635817898,0.0605703301683659,-0.3065840084440508,2.83754175323607,4,Strategic High Performers,EMP0129,55.0
-1.423257518348353,-1.618092859044366,0.359469043995277,-0.6743189379151339,-1.4636859280809666,-0.3912190794108112,-0.2241992249265382,0.4348354398286018,-0.7741275231514271,1,Leadership-Oriented,EMP0130,25.0
1.465699130720695,0.8909751818788595,-1.0901568862328672,-1.3447766571623905,-0.640688468220842,-1.3594020512822562,-0.2266138254609903,-0.3570435897693221,-0.4260148218128731,1,Leadership-Oriented,EMP0131,39.0
0.743459968453433,-1.0445915925476286,0.178265802716759,0.20786227162073,-0.4027132991046616,-0.7816154390363936,-0.1078959658504296,0.0141554393980371,0.6183232822027885,4,Strategic High Performers,EMP0132,46.0
-1.423257518348353,-1.3313422257959973,1.6278917329449032,-0.6390316895336993,-1.2752889191973236,0.1084882609099336,-0.1824016570542987,-0.0217036293048049,-0.4695289094801924,1,Leadership-Oriented,EMP0133,45.0
1.465699130720695,-1.4030298841080897,1.0842820091093492,-0.0038612186678773,-0.7795073168719473,-1.4999447407474655,0.542677904815443,0.2686552186640418,2.1848304382262813,4,Strategic High Performers,EMP0134,27.0
0.743459968453433,0.5325368903183988,-0.3653439211187951,-1.6976491409767358,-1.1364700705462183,-0.7503837302663472,-0.2478314854764947,-0.3763099753662439,0.0961542301949577,1,Leadership-Oriented,EMP0135,55.0
0.743459968453433,1.106038156815136,1.4466884916663851,-0.9919041733480448,-0.224231922267526,0.2802626591451907,-0.1748096685400184,-0.3402565485674513,1.836717736887728,4,Strategic High Performers,EMP0136,59.0
1.465699130720695,-0.9012162759234444,-1.2713601275113853,1.3370542198266355,0.6285124337321214,-1.1720117986619765,3.904767688986521,0.1418075942248213,-0.6435852601494694,2,Low Consistent Performers,EMP0137,24.0
1.465699130720695,-0.75784095929926,0.359469043995277,0.20786227162073,-0.244063186360541,0.7955858538509591,-0.2601875386247412,-0.0918280303236962,1.3145486848798964,4,Strategic High Performers,EMP0138,40.0
0.743459968453433,-1.2954983966399511,0.359469043995277,1.2664797230637663,0.3508747364299105,0.3036864407227254,-0.2031007736546268,0.5064207658687201,0.7923796328720655,2,Low Consistent Performers,EMP0139,57.0
-1.423257518348353,-1.4747175424201815,1.265485250387867,1.160617977919463,0.1624777275462677,0.3583419310703066,-0.1528391555601419,0.9052532966636644,-0.5565570848148309,0,Emerging Performers,EMP0140,40.0
-1.423257518348353,0.2816300862260762,0.9030787678308312,-0.0391484670493118,0.1228151993602377,1.1157108687439374,-0.2433739938765988,-0.2532850066103067,-0.6435852601494694,0,Emerging Performers,EMP0141,49.0
1.465699130720695,1.0343504985030438,1.0842820091093492,-0.5684571927708302,0.0930683032207151,1.310909048556728,-0.2471831230619644,-0.3161713288958523,2.1848304382262813,4,Strategic High Performers,EMP0142,31.0
0.0212208061861709,1.6795394233118732,1.0842820091093492,1.5487777101152431,2.2348448252663413,2.294707874813196,-0.2431424998377092,-0.2345812752550106,0.7923796328720655,0,Emerging Performers,EMP0143,39.0
-0.701018356081091,-0.9370601050794904,0.9030787678308312,-0.0038612186678773,-0.5217008836627515,0.584771819653145,-0.228488317981157,-0.0703524325116607,0.0091260548603192,1,Leadership-Oriented,EMP0144,25.0
1.465699130720695,0.8192875235667674,-0.184140679840277,0.1372877748578609,0.5690186414530765,-0.1725971180204852,-0.1981215391544557,-0.2692711937127151,0.6618373698701078,2,Low Consistent Performers,EMP0145,33.0
0.743459968453433,-0.0768082053343845,-0.002937438561759,-0.3214464541007883,-0.3134726106860933,-1.4765209591699306,0.4689331637867652,-0.2517993201480419,0.4442669315335116,1,Leadership-Oriented,EMP0146,48.0
0.0212208061861709,-1.4030298841080897,-0.9089536449543492,-1.203627663636652,-1.790901785615715,0.0460248433698412,-0.3239925254959818,-0.1659699751509614,-0.6435852601494694,1,Leadership-Oriented,EMP0147,50.0
0.0212208061861709,1.2494134734393203,-1.452563368789903,0.9841817360122902,1.520919317917799,1.2484456310166343,-0.3481250464741524,-0.2423712575110544,-1.0352120491553425,0,Emerging Performers,EMP0148,33.0
-0.701018356081091,-0.8653724467673982,-0.5465471623973132,0.9841817360122902,0.3508747364299105,1.5841865002946358,-0.3157474483985449,0.0655460594629128,-0.6870993478167886,0,Emerging Performers,EMP0149,32.0
-0.701018356081091,0.0307232821337536,1.265485250387867,-0.6390316895336993,-0.5217008836627515,-1.1251642355069065,0.1462107719543024,-0.2859343951632475,0.1831824055295961,1,Leadership-Oriented,EMP0150,25.0
0.0212208061861709,0.7834436944107213,-0.002937438561759,0.8430327424865519,1.1441253001505127,2.005814568690265,-0.2960181126179335,-0.2256827838096706,0.0091260548603192,0,Emerging Performers,EMP0151,45.0
-1.423257518348353,-0.6144656426750758,1.4466884916663851,-0.2508719573379191,-0.5514477798022741,0.0616406977548636,-0.1571491604987779,-0.1847686427035135,-0.5130429971475117,1,Leadership-Oriented,EMP0152,47.0
0.743459968453433,-1.7614681756685502,0.7218755265523131,-0.0391484670493118,-1.0075668539416205,-1.375017905667279,0.1423247536364444,3.451645608662154,1.1404923342106197,3,Reliable Core Talent,EMP0153,49.0
1.465699130720695,0.4250054028502605,-0.184140679840277,1.5134904617338083,1.5110036858712914,1.006399888048774,-0.2594895404300686,-0.1544043187329151,0.6618373698701078,2,Low Consistent Performers,EMP0154,25.0
0.0212208061861709,-0.0409643761783384,-0.9089536449543492,1.0900434811565938,0.8962344989878246,1.1079029415514257,-0.3189127811018769,-0.1317112834031906,-0.6435852601494694,2,Low Consistent Performers,EMP0155,57.0
-0.701018356081091,1.7153832524679191,0.9030787678308312,-0.2508719573379191,0.7375843862437039,0.7096986547333314,-0.2046966821482714,-0.3151060710678744,0.0091260548603192,0,Emerging Performers,EMP0156,36.0
-0.701018356081091,0.0307232821337536,-0.3653439211187951,0.7724582457236828,0.6681749619181517,1.3421407573267752,-0.3000030477657005,-0.1679366049872285,-0.6000711724821501,0,Emerging Performers,EMP0157,43.0
-0.701018356081091,1.536164106687689,-0.9089536449543492,-0.4273081992450919,0.4896935850810162,1.0610553783963557,-0.3245560596397028,-0.3196390831018231,-0.8611556984860655,0,Emerging Performers,EMP0158,45.0
0.0212208061861709,-1.725624346512504,0.359469043995277,-0.1097229638121809,-1.0472293821276506,-0.5083379872984862,-0.1909984675778221,2.071071463602732,0.2702105808642346,1,Leadership-Oriented,EMP0159,45.0
-0.701018356081091,0.1024109404458458,-1.2713601275113853,-0.5684571927708302,-0.4225445631976762,-1.296938633742163,-0.2395648646912332,-0.2838585081138545,-1.0352120491553425,1,Leadership-Oriented,EMP0160,58.0
-1.423257518348353,0.675912206942583,0.7218755265523131,-1.062478670110914,-0.5217008836627515,-0.7035361671112772,-0.1100544723888034,-0.3372634338898158,-0.6870993478167886,1,Leadership-Oriented,EMP0161,41.0
-1.423257518348353,-1.4388737132641356,-0.184140679840277,-0.9213296765851756,-1.5727578805925493,-0.33656358906323,-0.2673170916131825,-0.0346527374474979,-0.9046697861533848,1,Leadership-Oriented,EMP0162,27.0
0.743459968453433,-1.187966909171813,1.0842820091093492,0.1020005264764263,-0.571279043895289,1.2015980678615652,-0.2503573973831025,0.0769088096280109,1.4886050355491736,4,Strategic High Performers,EMP0163,31.0
0.743459968453433,0.8192875235667674,0.359469043995277,0.7371709973422483,1.0747158758249604,-0.5942251864161144,0.1823883489392639,-0.2340313131331202,0.7923796328720655,2,Low Consistent Performers,EMP0164,24.0
-1.423257518348353,1.5003202775316429,-0.7277504036758311,-0.9566169249666102,0.0236588788951625,1.4280279564444034,-0.3261220615566763,-0.3436962166445729,-1.0352120491553425,0,Emerging Performers,EMP0165,59.0
0.0212208061861709,-1.1162792508597208,1.6278917329449032,1.3017669714452011,0.4797779530345085,1.045439524011332,-0.184941433924222,0.2916647877483656,1.1840064218779387,4,Strategic High Performers,EMP0166,55.0
0.743459968453433,-1.5822490298883198,-0.3653439211187951,-1.521212899069563,-2.157780171336493,-1.289130706549651,-0.2333977031530223,-0.2079715695112349,0.0961542301949577,1,Leadership-Oriented,EMP0167,27.0
0.743459968453433,1.3211011317514123,-0.184140679840277,-1.1683404152552177,-0.2539788184070483,-0.8753105653465337,-0.1553831096946539,-0.3519058869434763,0.2702105808642346,1,Leadership-Oriented,EMP0168,31.0
0.0212208061861709,0.0307232821337536,-1.452563368789903,1.6546394552595467,1.4118473654062162,1.6856895537972876,-0.3514874259402467,-0.0941879861272166,-1.0352120491553425,0,Emerging Performers,EMP0169,37.0
0.743459968453433,0.0307232821337536,0.359469043995277,1.3370542198266355,1.1441253001505127,-0.0008227197852287,-0.0977201493123815,-0.1207374889168209,0.7923796328720655,2,Low Consistent Performers,EMP0170,50.0
1.465699130720695,-0.9370601050794904,-0.184140679840277,0.7724582457236828,0.132730831406745,0.1787596056425389,-0.2457913258596193,0.0646370394497049,0.6618373698701078,2,Low Consistent Performers,EMP0171,24.0
1.465699130720695,-1.4388737132641356,-1.2713601275113853,0.9841817360122902,0.0335745109416698,1.256253558209147,-0.3445129412121678,0.7183877053121869,-0.6435852601494694,2,Low Consistent Performers,EMP0172,32.0
-1.423257518348353,-1.259654567483905,-0.7277504036758311,-1.4859256506881289,-1.949551898359836,-0.9065422741165802,-0.2860880153241449,-0.2969966879922492,-1.0352120491553425,1,Leadership-Oriented,EMP0173,58.0
1.465699130720695,0.4608492320063066,-0.9089536449543492,0.2784367683835991,0.4896935850810162,1.451451738021938,-0.3295026371234762,-0.2418695953943904,-0.2084443834762769,2,Low Consistent Performers,EMP0174,25.0
1.465699130720695,-0.4352464968948453,-1.0901568862328672,0.6313092521979446,0.2913809441508656,-0.3677952978332764,-0.2827349954587099,-0.1118876546536194,-0.4260148218128731,2,Low Consistent Performers,EMP0175,25.0
0.0212208061861709,0.1382547696018919,-0.7277504036758311,0.7371709973422483,0.697921858057674,0.5535401108830978,-0.2940955561869932,-0.1824717873225472,-0.5130429971475117,2,Low Consistent Performers,EMP0176,45.0
0.743459968453433,-1.7973120048245963,-0.002937438561759,0.1725750232392954,-0.8489167411974999,0.428613275802912,-0.2734635579784464,8.20695655275572,0.4442669315335116,3,Reliable Core Talent,EMP0177,49.0
-1.423257518348353,0.8192875235667674,-1.0901568862328672,-1.80351088612104,-1.067060646220665,-1.2813227793571391,-0.2724912356155798,-0.3832825720584631,-1.122240224489981,1,Leadership-Oriented,EMP0178,56.0
-0.701018356081091,-0.291871180270661,-0.9089536449543492,0.525447507053641,0.2814653121043583,-0.7113440943037892,-0.2107847775129155,-0.1478358186374764,-0.8611556984860655,0,Emerging Performers,EMP0179,59.0
-0.701018356081091,-1.4747175424201815,-0.002937438561759,-0.5684571927708302,-1.2951201832903383,0.7799699994659356,-0.2932978997954329,0.1536073732424233,-0.4260148218128731,1,Leadership-Oriented,EMP0180,45.0
0.0212208061861709,-1.4388737132641356,-1.6337666100684212,-0.0038612186678773,-0.7993385809649626,-0.1179416276729034,-0.3565786401925514,0.3279222905479059,-1.1657543121573002,1,Leadership-Oriented,EMP0181,43.0
0.0212208061861709,-1.5464052007322735,1.4466884916663851,1.5487777101152431,0.4500310568949858,0.4364212029954237,-0.1294205123592602,1.4383083137838302,1.053464158875981,4,Strategic High Performers,EMP0182,47.0
1.465699130720695,-0.8653724467673982,0.178265802716759,-0.9919041733480448,-1.3149514473833537,-0.4614904241434159,-0.2291577795955023,-0.2526109451598347,1.0969782465433002,4,Strategic High Performers,EMP0183,39.0
1.465699130720695,-1.152123080015767,-1.6337666100684212,0.9488944876308556,0.1624777275462677,1.7091133353748222,-0.3619521854170294,0.2464530028809225,-1.0787261368226615,2,Low Consistent Performers,EMP0184,24.0
-0.701018356081091,-0.6861533009871679,-1.0901568862328672,-0.3214464541007883,-0.6506041002673494,0.2802626591451907,-0.3277820884334681,-0.1819488425706307,-0.948183873820704,1,Leadership-Oriented,EMP0185,32.0
1.465699130720695,0.0307232821337536,-0.9089536449543492,-0.6037444411522648,-0.4919539875232291,0.4208053486104002,-0.3199506254306725,-0.282984450408847,-0.2084443834762769,2,Low Consistent Performers,EMP0186,30.0
-1.423257518348353,0.8551313527228135,-0.7277504036758311,0.3842985135279028,0.7970781785227493,0.4442291301879349,-0.2891903421155288,-0.2564742802159681,-1.0352120491553425,0,Emerging Performers,EMP0187,54.0
1.465699130720695,0.0307232821337536,0.9030787678308312,0.2431495200021645,0.221971519825313,-0.5005300601059742,-0.0244105032855837,-0.2121857763032356,1.9672599998896847,4,Strategic High Performers,EMP0188,41.0
-0.701018356081091,1.7512270816239657,-0.184140679840277,0.3137240167650336,1.2333659885690802,1.623226136257194,-0.2945314846800552,-0.2912442957211683,-0.5130429971475117,0,Emerging Performers,EMP0189,57.0
1.465699130720695,1.6795394233118732,-0.002937438561759,1.5487777101152431,2.2348448252663413,-0.2194446811755552,0.3432319006697009,-0.2345812752550106,0.879407808206704,2,Low Consistent Performers,EMP0190,25.0
-1.423257518348353,-1.152123080015767,1.265485250387867,-1.203627663636652,-1.6520829369646095,-1.9762282994906764,0.5996624774285121,-0.2460325108537252,-0.5565570848148309,1,Leadership-Oriented,EMP0191,23.0
-1.423257518348353,0.640068377786537,1.4466884916663851,-1.5917873958324322,-0.9877355898486052,-1.7732221924853733,0.699385479501383,-0.3699436914298697,-0.5130429971475117,1,Leadership-Oriented,EMP0192,29.0
1.465699130720695,1.0343504985030438,1.265485250387867,0.9488944876308556,1.372184837220186,0.0928724065249107,-0.0021291454701119,-0.233720373010359,2.402400876562877,4,Strategic High Performers,EMP0193,28.0
0.743459968453433,0.5683807194744448,-1.452563368789903,0.59602200381651,0.8169094426157646,-0.19602089959802,-0.3245560596397028,-0.2275959354680142,-0.948183873820704,2,Low Consistent Performers,EMP0194,41.0
0.0212208061861709,1.3211011317514123,-0.002937438561759,-0.815467931440872,0.0434901429881778,-1.5780240126725822,2.480153373659793,-0.334474395212928,0.0091260548603192,1,Leadership-Oriented,EMP0195,55.0
-1.423257518348353,1.5720079358437349,-1.6337666100684212,-0.0038612186678773,0.8664876028483023,-0.3834111522183,-0.3431731785331771,-0.3009325353356204,-1.2527824874919389,0,Emerging Performers,EMP0196,40.0
-1.423257518348353,-0.3994026677387992,-0.7277504036758311,0.9136072392494212,0.5491873773600611,-1.2344752162020696,3.904767688986521,-0.0879931021429756,-1.0352120491553425,0,Emerging Performers,EMP0197,50.0
-0.701018356081091,0.5683807194744448,0.7218755265523131,-1.203627663636652,-0.700182260499887,-0.9768136188491848,-0.0622352506155985,-0.3443609129108509,-0.0779021204743192,1,Leadership-Oriented,EMP0198,27.0
0.743459968453433,0.0665671112897997,-0.002937438561759,-0.3567337024822228,-0.263894450453556,-0.8987343469240687,-0.1002801031584313,-0.2646168698625799,0.4442669315335116,1,Leadership-Oriented,EMP0199,31.0
-0.701018356081091,-1.008747763391583,-0.7277504036758311,1.3723414682080703,0.5987655375925988,0.412997421417889,-0.2860880153241449,0.2169670562282422,-0.7741275231514271,0,Emerging Performers,EMP0200,26.0
-0.701018356081091,-1.725624346512504,-0.5465471623973132,0.525447507053641,-0.5117852516162441,-1.5233685223250006,0.3980247589514982,2.99145422697568,-0.6870993478167886,1,Leadership-Oriented,EMP0201,45.0
-0.701018356081091,1.4286326192195506,-0.002937438561759,1.1959052263008976,1.7985570152200097,1.6154182090646825,-0.2747299380978533,-0.23999954113044,-0.4260148218128731,0,Emerging Performers,EMP0202,43.0
0.0212208061861709,1.5003202775316429,-0.9089536449543492,-1.203627663636652,-0.1845693940814957,-1.4296733960148609,-0.0593764927922004,-0.3552422369736243,-0.6435852601494694,1,Leadership-Oriented,EMP0203,47.0
-0.701018356081091,1.5003202775316429,-0.002937438561759,-0.3920209508636574,0.4996092171275238,-0.3521794434482529,-0.162609414192688,-0.3173053130353127,-0.4260148218128731,0,Emerging Performers,EMP0204,58.0
1.465699130720695,0.7475998652546753,0.178265802716759,-1.5917873958324322,-0.9282417975695602,0.5301163293055637,-0.276894330707816,-0.3704994781227277,1.0969782465433002,4,Strategic High Performers,EMP0205,50.0
-1.423257518348353,-1.4747175424201815,0.9030787678308312,0.8077454941051174,-0.134991233848958,0.0616406977548642,-0.1616071528198677,0.7518561694348396,-0.6435852601494694,0,Emerging Performers,EMP0206,57.0
0.0212208061861709,-1.080435421703675,0.178265802716759,0.3842985135279028,-0.2738100825000636,1.1937901406690534,-0.2829721939794103,0.0696041845218764,0.1396683178622769,2,Low Consistent Performers,EMP0207,41.0
0.0212208061861709,0.9626628401909516,0.359469043995277,0.9841817360122902,1.3622692051736789,1.107902941551425,-0.2385762357423598,-0.2279188149933715,0.2702105808642346,0,Emerging Performers,EMP0208,41.0
0.743459968453433,-0.9370601050794904,-0.184140679840277,0.0667132780949918,-0.4622070913837065,-1.6951429205602568,2.836306952491475,-0.0580806623333547,0.2702105808642346,1,Leadership-Oriented,EMP0209,36.0
0.743459968453433,0.4966930611623527,-0.5465471623973132,-0.9566169249666102,-0.5316165157092592,-0.492722132913463,-0.2582719213571398,-0.326643632773974,-0.0779021204743192,1,Leadership-Oriented,EMP0210,36.0
0.0212208061861709,0.675912206942583,-0.5465471623973132,-1.6976491409767358,-1.0571450141741578,0.1241041152949577,-0.3016948501876692,-0.3767084094629421,-0.3825007341455539,1,Leadership-Oriented,EMP0211,45.0
1.465699130720695,-1.5822490298883198,1.4466884916663851,-0.3920209508636574,-1.205879494871771,0.0226010617923059,-0.1805233623180667,0.493272440677678,2.6199713148994737,4,Strategic High Performers,EMP0212,50.0
-1.423257518348353,1.0343504985030438,-0.002937438561759,-0.6390316895336993,0.0335745109416701,0.8892809801610991,-0.2811361017265811,-0.320006257076573,-0.8611556984860655,0,Emerging Performers,EMP0213,38.0
1.465699130720695,-0.0409643761783384,0.9030787678308312,0.8430327424865519,0.6880062260111663,-0.0789019917103458,-0.0763462880909107,-0.1531868812152261,1.9672599998896847,4,Strategic High Performers,EMP0214,46.0
0.0212208061861709,1.3927887900635043,-0.9089536449543492,1.1253307295380284,1.7192319588479497,-0.7035361671112772,1.055539058333065,-0.2418163325029914,-0.6435852601494694,2,Low Consistent Performers,EMP0215,37.0
0.0212208061861709,-0.5069341552069375,-0.184140679840277,1.160617977919463,0.697921858057674,-0.6957282399187656,0.0445224474560321,-0.0350296345659962,-0.1214162081416385,2,Low Consistent Performers,EMP0216,38.0
-1.423257518348353,0.0307232821337536,-1.452563368789903,1.3370542198266355,1.1441253001505127,1.7481529713373811,-0.3527939505327862,-0.1207374889168209,-1.2092683998246194,0,Emerging Performers,EMP0217,42.0
-1.423257518348353,0.209942427913984,-0.7277504036758311,1.6899267036409813,1.5407505820108138,1.0844791599738903,-0.2978445412273267,-0.1168559826610307,-1.0352120491553425,0,Emerging Performers,EMP0218,48.0
0.0212208061861709,-1.0445915925476286,-0.5465471623973132,-1.521212899069563,-1.8603112099412675,-0.6410727495711839,-0.2845642382878403,-0.3275017985207087,-0.3825007341455539,1,Leadership-Oriented,EMP0219,26.0
0.743459968453433,-1.5464052007322735,-1.6337666100684212,-1.309489408780956,-1.9594675304063427,-1.812261828447932,-0.3366976589180556,-0.1148375994080199,-1.122240224489981,1,Leadership-Oriented,EMP0220,43.0
1.465699130720695,-0.3994026677387992,-1.6337666100684212,0.3842985135279028,0.1029839352672224,-0.9377739828866272,-0.3295026371234762,-0.1455170248537848,-1.0787261368226615,2,Low Consistent Performers,EMP0221,54.0
0.0212208061861709,1.536164106687689,1.265485250387867,-0.0038612186678773,0.8466563387552869,1.826232243262497,-0.2461389962801891,-0.3000564711151647,0.9229218958740232,4,Strategic High Performers,EMP0222,23.0
1.465699130720695,-0.8295286176113522,1.6278917329449032,-1.062478670110914,-1.3546139755693838,-1.0627008179668134,-0.0081729637775586,-0.2682347266368446,2.83754175323607,4,Strategic High Performers,EMP0223,56.0
0.743459968453433,-1.3313422257959973,-0.3653439211187951,-0.2508719573379191,-0.9480730616625752,0.3739577854553296,-0.2935990018770152,0.0988226849464144,0.0961542301949577,1,Leadership-Oriented,EMP0224,40.0
-0.701018356081091,-0.0768082053343845,-0.184140679840277,0.7724582457236828,0.6086811696391065,0.4910766933430054,-0.2545973209406225,-0.1547521580236835,-0.5130429971475117,0,Emerging Performers,EMP0225,48.0
-1.423257518348353,0.4608492320063066,-1.2713601275113853,-0.9919041733480448,-0.5811946759417967,0.9361285433161686,-0.34572092395552,-0.3281554794606043,-1.1657543121573002,1,Leadership-Oriented,EMP0226,57.0
0.0212208061861709,-1.008747763391583,-0.184140679840277,0.6665965005793792,0.0038276148021471,-0.1647891908279735,-0.2199877123664473,0.0835782499423077,-0.1214162081416385,2,Low Consistent Performers,EMP0227,23.0
0.0212208061861709,0.675912206942583,-0.002937438561759,-0.0038612186678773,0.3707060005229259,-0.9221581285016036,0.062626050681103,-0.2715218079346052,0.0091260548603192,2,Low Consistent Performers,EMP0228,39.0
-0.701018356081091,0.5683807194744448,-0.3653439211187951,1.231192474682332,1.352353573127171,2.005814568690265,-0.3081291900278138,-0.1863847669587777,-0.6000711724821501,0,Emerging Performers,EMP0229,44.0
0.0212208061861709,0.4966930611623527,0.359469043995277,-0.0744357154307464,0.2120558877788053,0.959552324893704,-0.260876701399228,-0.2676447376859645,0.2702105808642346,2,Low Consistent Performers,EMP0230,47.0
0.0212208061861709,1.5003202775316429,1.4466884916663851,-0.0391484670493118,0.79707817852275,0.4910766933430054,-0.1421455430478126,-0.3008109982795252,1.053464158875981,4,Strategic High Performers,EMP0231,32.0
-0.701018356081091,-1.2238107383278591,-1.6337666100684212,1.0900434811565938,0.2418027839183276,1.2094059950540768,-0.3604412308401678,0.3566329828099853,-1.2092683998246194,0,Emerging Performers,EMP0232,22.0
0.743459968453433,-0.0051205470222924,-1.6337666100684212,-0.0038612186678773,-0.0060880172443605,-0.4302587153733694,-0.3498237121919506,-0.2298854448296384,-1.122240224489981,2,Low Consistent Performers,EMP0233,57.0
-1.423257518348353,-0.1843396928025228,0.5406722852737951,-0.0038612186678773,-0.1052443377094357,-1.0470849635817898,0.131464907850863,-0.2132118440438966,-0.7306134354841078,1,Leadership-Oriented,EMP0234,41.0
0.743459968453433,-0.4710903260508914,-1.0901568862328672,-1.2742021603995213,-1.3347827114763686,0.2802626591451907,-0.3338995948868303,-0.3227310744681376,-0.6000711724821501,1,Leadership-Oriented,EMP0235,52.0
-0.701018356081091,0.4250054028502605,-0.002937438561759,0.1725750232392954,0.3806216325694336,1.5529547915245898,-0.2940955561869932,-0.2469295700772856,-0.4260148218128731,0,Emerging Performers,EMP0236,29.0
1.465699130720695,-0.6144656426750758,-0.7277504036758311,-0.9566169249666102,-1.1463857025927258,-1.7497984109078384,-0.0271678213152483,-0.2750022469557633,0.0091260548603192,1,Leadership-Oriented,EMP0237,45.0
-1.423257518348353,0.675912206942583,0.7218755265523131,0.6313092521979446,0.9061501310343322,1.1859822134765416,-0.2361112542298351,-0.2320768323614788,-0.6870993478167886,0,Emerging Performers,EMP0238,41.0
1.465699130720695,-1.4388737132641356,0.178265802716759,0.6665965005793792,-0.2341475543140333,1.2406377038241234,-0.2829721939794103,0.5928809648522394,1.0969782465433002,4,Strategic High Performers,EMP0239,36.0
0.0212208061861709,0.1740985987579379,-0.002937438561759,-0.18029746057505,-0.0556661774768981,1.4826834467919845,-0.2974865979320185,-0.2572777889776428,0.0091260548603192,2,Low Consistent Performers,EMP0240,51.0
-1.423257518348353,-1.152123080015767,0.178265802716759,-1.80351088612104,-2.157780171336493,-1.80445390125542,-0.0734005877749082,-0.3832825720584631,-0.8176416108187463,1,Leadership-Oriented,EMP0241,41.0
1.465699130720695,0.5683807194744448,-1.6337666100684212,-0.1097229638121809,0.221971519825313,-0.0398623557477869,-0.3539197855540171,-0.2733861227004992,-1.0787261368226615,2,Low Consistent Performers,EMP0242,59.0
1.465699130720695,-0.0768082053343845,1.4466884916663851,1.478203213352374,1.203619092429558,1.0532474512038432,-0.1687388689008419,-0.0921410856853877,2.6199713148994737,4,Strategic High Performers,EMP0243,23.0
0.0212208061861709,-0.0051205470222924,-1.8149698513469392,-0.744893434678003,-0.6307728361743343,0.8814730529685874,-0.3690752569936631,-0.2930489678062133,-1.296296575159258,1,Leadership-Oriented,EMP0244,27.0
0.0212208061861709,-1.3671860549520434,0.178265802716759,-1.6270746442138668,-2.128033275196971,-1.4452892503998842,-0.1573082641748251,-0.3242836769704537,0.1396683178622769,1,Leadership-Oriented,EMP0245,39.0
-1.423257518348353,0.5683807194744448,-1.452563368789903,1.478203213352374,1.560581846103829,1.2406377038241234,-0.3473254201184459,-0.1703582014274079,-1.2092683998246194,0,Emerging Performers,EMP0246,57.0
0.743459968453433,-0.0768082053343845,-0.5465471623973132,0.2784367683835991,0.1922246236857903,0.1319120424874689,-0.2722568083792253,-0.1985799086604905,-0.0779021204743192,2,Low Consistent Performers,EMP0247,35.0
0.0212208061861709,0.0307232821337536,-1.8149698513469392,-1.062478670110914,-0.8786636373370226,0.5145004749205402,-0.3690752569936631,-0.3213337322160532,-1.296296575159258,1,Leadership-Oriented,EMP0248,47.0
-1.423257518348353,-1.5105613715762276,-0.184140679840277,-1.133053166873783,-1.790901785615715,-1.2578989977796045,-0.1958113537782502,-0.0594441923531665,-0.9046697861533848,1,Leadership-Oriented,EMP0249,55.0
1.465699130720695,1.0343504985030438,-1.452563368789903,0.3490112651464682,0.8664876028483023,-0.8596947109615102,-0.2395648646912332,-0.2663172625464843,-0.8611556984860655,2,Low Consistent Performers,EMP0250,51.0
-0.701018356081091,0.2816300862260762,-0.184140679840277,-1.80351088612104,-1.3645296076158913,-0.2584843171381135,-0.2719424627668407,-0.3832825720584631,-0.5130429971475117,1,Leadership-Oriented,EMP0251,28.0
-0.701018356081091,-0.3277150094267071,-0.3653439211187951,0.7018837489608137,0.4103685287089559,1.2952931941717052,-0.3016378929545281,-0.123968380790688,-0.6000711724821501,0,Emerging Performers,EMP0252,51.0
0.0212208061861709,1.536164106687689,1.6278917329449032,0.8783199908679865,1.590328742243352,-0.781615439036394,5.044459141247904,-0.2592593628096262,1.1840064218779387,4,Strategic High Performers,EMP0253,39.0
0.743459968453433,-1.4030298841080897,-1.0901568862328672,1.160617977919463,0.2021402557322976,-1.0158532548117432,-0.121316245632493,0.6904973185433096,-0.6000711724821501,2,Low Consistent Performers,EMP0254,43.0
0.0212208061861709,-1.008747763391583,-0.184140679840277,-0.0038612186678773,-0.5613634118487818,-1.1329721626994185,-0.0709001677392316,-0.0431411160293301,-0.1214162081416385,1,Leadership-Oriented,EMP0255,38.0
-1.423257518348353,-0.5427779843629835,0.359469043995277,-1.309489408780956,-1.4041921358019216,0.7487382906958892,-0.2809547838806696,-0.323628133691698,-0.7741275231514271,1,Leadership-Oriented,EMP0256,52.0
-0.701018356081091,-0.5427779843629835,-0.002937438561759,0.7724582457236828,0.3508747364299105,0.6394273100007262,-0.2577772636087624,-0.0722272862889019,-0.4260148218128731,0,Emerging Performers,EMP0257,38.0
1.465699130720695,1.141881985971182,-0.5465471623973132,1.0900434811565938,1.5506662140573215,0.366149858262819,-0.2412252543361362,-0.2317336029890219,0.2266964931969154,2,Low Consistent Performers,EMP0258,52.0
0.743459968453433,0.7475998652546753,-0.5465471623973132,-0.4978826960079611,-0.0060880172443601,-0.6098410408011378,-0.2179797993074949,-0.3044534927880949,-0.0779021204743192,2,Low Consistent Performers,EMP0259,34.0
0.743459968453433,-0.0051205470222924,0.359469043995277,1.0194689843937248,0.8565719708017946,0.4754608389579819,-0.2031007736546268,-0.1426596273857969,0.7923796328720655,2,Low Consistent Performers,EMP0260,48.0
-0.701018356081091,1.2494134734393203,1.4466884916663851,-0.1097229638121809,0.5987655375925988,-0.734767875881324,0.2720011849033645,-0.297665570814468,0.2702105808642346,4,Strategic High Performers,EMP0261,41.0
1.465699130720695,1.7153832524679191,0.9030787678308312,-1.4153511539252597,-0.2440631863605406,-1.3828258328597909,0.3677942164511963,-0.3662384468108159,1.9672599998896847,4,Strategic High Performers,EMP0262,38.0
-1.423257518348353,1.07019432765909,-0.002937438561759,0.4195857619093373,0.9458126592203622,-0.28971602590816,-0.1146798435424616,-0.2639736953249328,-0.8611556984860655,0,Emerging Performers,EMP0263,50.0
-1.423257518348353,0.9268190110349056,-0.002937438561759,-0.4625954476265265,0.1228151993602377,0.0226010617923059,-0.2307631875444662,-0.3075800936857964,-0.8611556984860655,0,Emerging Performers,EMP0264,56.0
-1.423257518348353,0.4608492320063066,-0.9089536449543492,0.525447507053641,0.6979218580576747,-0.8128471478064404,-0.1146798435424616,-0.2250917846037377,-1.0787261368226615,0,Emerging Performers,EMP0265,29.0
0.0212208061861709,0.1740985987579379,-1.0901568862328672,-0.5684571927708302,-0.3828820350116462,0.6394273100007262,-0.3325466848057983,-0.2874093675404477,-0.7741275231514271,1,Leadership-Oriented,EMP0266,59.0
0.0212208061861709,-0.721997130143214,-0.002937438561759,-0.4625954476265265,-0.789422948918455,0.1006803337174224,-0.2603260726175769,-0.1952473838424845,0.0091260548603192,1,Leadership-Oriented,EMP0267,36.0
-1.423257518348353,0.7117560360986291,-1.0901568862328672,-0.815467931440872,-0.2936413465930786,-1.3515941240897444,-0.1655589262327019,-0.3227879303344196,-1.122240224489981,1,Leadership-Oriented,EMP0268,22.0
-0.701018356081091,0.9268190110349056,0.9030787678308312,0.8077454941051174,1.1937034603830503,-0.3834111522182997,0.152125102272213,-0.2358619562801121,0.0091260548603192,0,Emerging Performers,EMP0269,41.0
0.743459968453433,-1.5822490298883198,0.9030787678308312,1.1959052263008976,0.132730831406745,0.3505340038777955,-0.178278696905262,1.4793968300058369,1.3145486848798964,4,Strategic High Performers,EMP0270,24.0
-0.701018356081091,0.2457862570700301,1.0842820091093492,-0.7801806830594374,-0.5217008836627515,0.5301163293055637,-0.2210633800766004,-0.3065840084440508,0.0961542301949577,1,Leadership-Oriented,EMP0271,59.0
0.0212208061861709,0.9626628401909516,-0.7277504036758311,1.5487777101152431,1.8382195434060395,-0.2819080987156485,-0.0403181073028796,-0.1964527376130997,-0.5130429971475117,2,Low Consistent Performers,EMP0272,36.0
0.0212208061861709,1.3569449609074584,0.359469043995277,-0.9213296765851756,-0.0259192813373751,-1.3672099784747676,0.4449900660501815,-0.340193491376209,0.2702105808642346,1,Leadership-Oriented,EMP0273,39.0
0.743459968453433,1.0343504985030438,1.265485250387867,-0.7096061862965684,-0.0259192813373751,1.2172139222465883,-0.2381647523420178,-0.3238411852572935,1.6626613862184505,4,Strategic High Performers,EMP0274,59.0
1.465699130720695,0.8909751818788595,-0.184140679840277,-0.8507551798223066,-0.2242319222675256,-0.1569812636354617,-0.2445943944893858,-0.3287862242271702,0.6618373698701078,4,Strategic High Performers,EMP0275,52.0
0.0212208061861709,-0.1484958636464767,-0.002937438561759,0.9488944876308556,0.7177531221506893,-0.3677952978332764,-0.1002801031584313,-0.128708616231903,0.0091260548603192,2,Low Consistent Performers,EMP0276,41.0
-0.701018356081091,-0.0051205470222924,-1.2713601275113853,-0.3920209508636574,-0.3333038747791086,-1.0548928907743016,-0.2741009693052146,-0.26297109972213,-1.0352120491553425,1,Leadership-Oriented,EMP0277,41.0
0.743459968453433,1.6795394233118732,-0.7277504036758311,0.1020005264764263,1.0152220835459151,0.2177992416050972,-0.2730338424772545,-0.2987576244017638,-0.2519584711435962,2,Low Consistent Performers,EMP0278,41.0
1.465699130720695,-1.2954983966399511,1.6278917329449032,1.3370542198266355,0.4103685287089559,0.9751681792787272,-0.1811053126102753,0.5268737161658967,2.83754175323607,4,Strategic High Performers,EMP0279,48.0
0.0212208061861709,-0.5427779843629835,0.359469043995277,0.0314260297135572,-0.2738100825000633,-0.0320544285552757,-0.207798164692524,-0.1617089438390497,0.2702105808642346,1,Leadership-Oriented,EMP0280,29.0
1.465699130720695,0.6042245486304909,-0.5465471623973132,-0.0038612186678773,0.3310434723368956,-0.3287556618707182,-0.230571087448009,-0.2682347266368446,0.2266964931969154,2,Low Consistent Performers,EMP0281,35.0
-1.423257518348353,-1.3671860549520434,0.7218755265523131,-1.3447766571623905,-1.8900581060807904,0.428613275802912,-0.2618462225067051,-0.2298854448296384,-0.6870993478167886,1,Leadership-Oriented,EMP0282,36.0
-1.423257518348353,0.4250054028502605,-0.7277504036758311,-0.6743189379151339,-0.3333038747791086,-0.3834111522182997,-0.2741009693052146,-0.3053665709263617,-1.0352120491553425,1,Leadership-Oriented,EMP0283,28.0
-1.423257518348353,1.3211011317514123,1.4466884916663851,-0.7096061862965684,0.1327308314067454,-1.5311764495175122,4.759536278182559,-0.3292449476937636,-0.5130429971475117,1,Leadership-Oriented,EMP0284,54.0
0.0212208061861709,0.1740985987579379,1.0842820091093492,1.619352206878112,1.4614255256387532,2.013622495882777,-0.2438344380638408,-0.1175768338228203,0.7923796328720655,0,Emerging Performers,EMP0285,55.0
1.465699130720695,-1.7973120048245963,1.4466884916663851,-0.4978826960079611,-1.414107767848429,0.4129974214178884,-0.2155240134255127,5.2924111354080505,2.6199713148994737,3,Reliable Core Talent,EMP0286,25.0
0.0212208061861709,-1.0445915925476286,0.9030787678308312,-0.0038612186678773,-0.5811946759417967,-0.9846215460416966,0.0341174737591844,-0.0276801407552786,0.6618373698701078,4,Strategic High Performers,EMP0287,22.0
0.0212208061861709,-1.7973120048245963,0.178265802716759,0.8430327424865519,-0.283725714546571,0.4442291301879349,-0.2494511541799683,11.12150197010339,0.1396683178622769,3,Reliable Core Talent,EMP0288,35.0
-0.701018356081091,-0.6144656426750758,-0.5465471623973132,-1.5565001474509976,-1.6520829369646093,0.3583419310703066,-0.3127345778564478,-0.3517008105701757,-0.6870993478167886,1,Leadership-Oriented,EMP0289,52.0
-0.701018356081091,0.9626628401909516,-1.452563368789903,-1.4859256506881289,-0.720013524592902,-0.672304458341231,-0.336325502618336,-0.3655829035320603,-1.122240224489981,1,Leadership-Oriented,EMP0290,59.0
1.465699130720695,1.6436955941558271,1.265485250387867,1.3723414682080703,2.066279080475713,0.0226010617923059,0.2216184835076631,-0.2409553406090381,2.402400876562877,4,Strategic High Performers,EMP0292,24.0
-0.701018356081091,1.536164106687689,-1.8149698513469392,-1.062478670110914,-0.0457505454303901,0.7487382906958897,-0.3690752569936631,-0.3490130010818108,-1.296296575159258,0,Emerging Performers,EMP0293,41.0
1.465699130720695,-1.0445915925476286,-0.002937438561759,0.1372877748578609,-0.4622070913837065,-0.5942251864161142,-0.1765598089765376,0.0002102460135985,0.879407808206704,4,Strategic High Performers,EMP0294,54.0
-0.701018356081091,-0.2201835219585688,-1.0901568862328672,-1.238914912018087,-1.1662169666857407,0.8970889073536109,-0.3401490780022574,-0.3287413712659922,-0.948183873820704,1,Leadership-Oriented,EMP0295,36.0
1.465699130720695,-1.5105613715762276,-0.9089536449543492,1.619352206878112,0.5293561132670461,-1.0548928907743014,0.4223771404100748,1.2699975769633145,-0.2084443834762769,2,Low Consistent Performers,EMP0296,24.0
0.0212208061861709,0.1024109404458458,1.6278917329449032,0.3842985135279028,0.3806216325694332,1.1859822134765416,-0.2050287600772519,-0.2071599444994422,1.1840064218779387,4,Strategic High Performers,EMP0297,49.0
0.0212208061861709,-1.7973120048245963,0.7218755265523131,-1.062478670110914,-1.8900581060807904,-0.7894233662289057,-0.1809186493090009,2.838057099746856,0.5312951068681501,1,Leadership-Oriented,EMP0298,48.0
0.743459968453433,-0.7936847884553061,-0.7277504036758311,-0.4625954476265265,-0.8290854771044849,-1.0080453276192316,-0.2289492587648046,-0.1822794398275894,-0.2519584711435962,1,Leadership-Oriented,EMP0299,54.0
-0.701018356081091,0.4250054028502605,-1.0901568862328672,1.1959052263008976,1.243281620615588,1.5998023546796594,-0.334328566375938,-0.1763181940513187,-0.948183873820704,0,Emerging Performers,EMP0300,40.0
-1.423257518348353,-1.5105613715762276,1.0842820091093492,0.9488944876308556,-0.0358349133838828,-1.1017404539293714,0.542677904815443,0.9461591972580174,-0.6000711724821501,1,Leadership-Oriented,EMP0301,54.0
0.743459968453433,1.2852573025953664,0.5406722852737951,0.2431495200021645,0.9160657630808392,1.5061072283695194,-0.2620233142234465,-0.28101782057258,0.9664359835413424,2,Low Consistent Performers,EMP0302,41.0
-1.423257518348353,1.2135696442832742,-1.6337666100684212,-0.3214464541007883,0.4004528966624482,-1.0392770363892785,-0.3163117638334139,-0.3074863444865733,-1.2527824874919389,0,Emerging Performers,EMP0303,25.0
0.0212208061861709,-1.618092859044366,-0.002937438561759,1.3370542198266355,0.2318871518718203,0.2646468047601672,-0.2307631875444662,1.8921081485024367,0.0091260548603192,2,Low Consistent Performers,EMP0305,49.0
-1.423257518348353,1.0343504985030438,-0.7277504036758311,1.1253307295380284,1.520919317917799,0.8268175626210056,-0.2899300172532893,-0.2241330525585575,-1.0352120491553425,0,Emerging Performers,EMP0306,37.0
0.0212208061861709,-0.3994026677387992,0.178265802716759,-1.133053166873783,-1.1761325987322484,-1.734182556522815,0.1905946525989801,-0.3104189366247714,0.1396683178622769,1,Leadership-Oriented,EMP0307,49.0
0.743459968453433,0.3891615736942144,1.4466884916663851,-0.0038612186678773,0.2120558877788053,1.092287087166402,-0.2145990059341383,-0.257101064176688,1.836717736887728,4,Strategic High Performers,EMP0308,41.0
0.743459968453433,-1.2954983966399511,1.4466884916663851,-1.1683404152552177,-1.7016610971971473,-0.6801123855337424,-0.1338178471231942,-0.1992060193838735,1.836717736887728,4,Strategic High Performers,EMP0309,43.0
0.0212208061861709,0.8551313527228135,-0.9089536449543492,-0.0038612186678773,0.4698623209880012,0.6940828003483079,-0.3159180064217702,-0.2789725255428623,-0.6435852601494694,2,Low Consistent Performers,EMP0310,52.0
1.465699130720695,-1.3671860549520434,1.0842820091093492,1.4076287165895047,0.4301997928019712,1.4436438108294258,-0.2373190197380119,0.6904973185433096,2.1848304382262813,4,Strategic High Performers,EMP0311,42.0
-0.701018356081091,-0.3994026677387992,-0.5465471623973132,1.619352206878112,1.1441253001505127,0.8424334170060291,-0.2823596030172535,-0.0112945385285632,-0.6870993478167886,0,Emerging Performers,EMP0312,41.0
1.465699130720695,-0.721997130143214,0.5406722852737951,-1.7329363893581704,-1.8603112099412675,0.2256071687976089,-0.2632467649979633,-0.3733859832049906,1.5321191232164928,4,Strategic High Performers,EMP0313,28.0
0.743459968453433,0.675912206942583,-1.8149698513469392,1.1253307295380284,1.3226066769876486,-0.1882129724055087,-0.3690752569936631,-0.2013974069157138,-1.296296575159258,2,Low Consistent Performers,EMP0314,54.0
-0.701018356081091,0.2816300862260762,-0.7277504036758311,0.9136072392494212,0.9259813951273476,1.2874852669791927,-0.3135708031497646,-0.1830863212683021,-0.7741275231514271,0,Emerging Performers,EMP0315,29.0
1.465699130720695,-0.6144656426750758,1.6278917329449032,-0.1450102121936155,-0.4622070913837065,0.9361285433161686,-0.2135139237108594,-0.1712336020656761,2.83754175323607,4,Strategic High Performers,EMP0316,35.0
-1.423257518348353,-0.75784095929926,1.0842820091093492,1.0547562327751592,0.4698623209880012,0.8424334170060291,-0.2014735728375774,0.0308896714593635,-0.6000711724821501,0,Emerging Performers,EMP0317,46.0
1.465699130720695,-0.2201835219585688,-0.002937438561759,-1.450638402306694,-1.3446983435228763,-0.851886783768999,-0.2125242333313853,-0.3491943215631687,0.879407808206704,1,Leadership-Oriented,EMP0318,53.0
0.0212208061861709,-0.0768082053343845,-0.5465471623973132,1.5487777101152431,1.2631128847086033,0.600387674038168,-0.2662680383618374,-0.0858799784515581,-0.3825007341455539,2,Low Consistent Performers,EMP0319,49.0
-1.423257518348353,0.4250054028502605,0.5406722852737951,0.9488944876308556,1.03505334763893,1.0220157424337974,-0.2308664055067417,-0.1933623192989659,-0.7306134354841078,0,Emerging Performers,EMP0320,23.0
0.0212208061861709,0.8909751818788595,-1.452563368789903,0.9841817360122902,1.3226066769876486,0.6550431643857496,-0.3414128431038237,-0.2238302950706059,-1.0352120491553425,2,Low Consistent Performers,EMP0321,38.0
-1.423257518348353,0.8551313527228135,1.6278917329449032,1.3017669714452011,1.5704974781503367,2.0058145686902646,-0.2195301078709678,-0.2032966094433088,-0.4695289094801924,0,Emerging Performers,EMP0322,48.0
0.743459968453433,0.2816300862260762,-1.6337666100684212,0.4195857619093373,0.5095248491740312,-1.117356308314395,-0.2673170916131825,-0.2194856395937859,-1.122240224489981,2,Low Consistent Performers,EMP0323,23.0
-0.701018356081091,-1.618092859044366,1.6278917329449032,1.5134904617338083,0.3806216325694332,0.9361285433161686,-0.1771059520914799,2.0199390878597905,0.3572387561988731,0,Emerging Performers,EMP0324,29.0
-1.423257518348353,0.2816300862260762,1.0842820091093492,0.0314260297135572,0.182308991639283,-0.6176489679936492,0.0308164806419096,-0.2480851039923804,-0.6000711724821501,0,Emerging Performers,EMP0325,59.0
0.743459968453433,-1.4747175424201815,1.265485250387867,-1.7329363893581704,-2.276767755894584,-1.5936398670576053,-0.0180833242320054,-0.3526031466126982,1.6626613862184505,4,Strategic High Performers,EMP0326,41.0
0.743459968453433,0.5325368903183988,-1.6337666100684212,0.3137240167650336,0.5591030094065688,-0.6723044583412306,-0.3351558685335029,-0.243830638214077,-1.122240224489981,2,Low Consistent Performers,EMP0327,41.0
-0.701018356081091,-0.4352464968948453,1.4466884916663851,-0.3214464541007883,-0.5117852516162441,1.27186941259417,-0.2395648646912332,-0.2180856658120365,0.2702105808642346,4,Strategic High Performers,EMP0328,42.0
-0.701018356081091,-0.6503094718311218,-0.9089536449543492,-1.5917873958324322,-1.7016610971971473,-1.9918441538757,-0.1146798435424616,-0.355392185289586,-0.8611556984860655,1,Leadership-Oriented,EMP0329,47.0
-1.423257518348353,0.1024109404458458,-1.0901568862328672,-0.18029746057505,-0.0953287056629281,0.7175065819258426,-0.3313371294353392,-0.2526109451598347,-1.122240224489981,0,Emerging Performers,EMP0330,52.0
0.0212208061861709,0.7475998652546753,-0.7277504036758311,-1.4859256506881289,-0.8390011091509922,-1.718566702137792,0.002563260048092,-0.36410793115486,-0.5130429971475117,1,Leadership-Oriented,EMP0331,41.0
0.743459968453433,-0.2201835219585688,-0.5465471623973132,-0.815467931440872,-0.8092542130114696,0.8033937810434709,-0.3133640826512771,-0.2878354706716389,-0.0779021204743192,1,Leadership-Oriented,EMP0332,27.0
-0.701018356081091,-0.6144656426750758,-1.0901568862328672,-0.0038612186678773,-0.3432195068256162,0.7955858538509591,-0.3336811125134959,-0.1531868812152261,-0.948183873820704,0,Emerging Performers,EMP0333,36.0
0.0212208061861709,0.9985066693469976,-1.6337666100684212,-0.744893434678003,-0.0754974415699127,0.912704761738634,-0.3605446323509881,-0.3250304984272639,-1.1657543121573002,2,Low Consistent Performers,EMP0334,22.0
-0.701018356081091,-0.721997130143214,1.6278917329449032,-0.8860424282037411,-1.1463857025927258,0.8033937810434709,-0.2250982783170257,-0.2546269169633198,0.3572387561988731,1,Leadership-Oriented,EMP0335,47.0
0.0212208061861709,0.1024109404458458,0.5406722852737951,0.20786227162073,0.2318871518718203,0.7487382906958897,-0.238652819675019,-0.2213633822058148,0.4007528438661923,2,Low Consistent Performers,EMP0336,50.0
0.0212208061861709,0.8909751818788595,0.5406722852737951,1.5134904617338083,1.7688101190804872,0.0304089889848177,0.016757786740659,-0.1935545462754431,0.4007528438661923,0,Emerging Performers,EMP0337,23.0
1.465699130720695,1.6795394233118732,-0.184140679840277,0.2784367683835991,1.163956564243528,-0.4692983513359277,-0.0485370360451492,-0.2909312403594769,0.6618373698701078,2,Low Consistent Performers,EMP0338,43.0
0.0212208061861709,-1.6539366882004118,0.5406722852737951,-1.203627663636652,-1.9297206342668205,-1.4765209591699309,-0.0797004741929214,0.1382676605195408,0.4007528438661923,1,Leadership-Oriented,EMP0339,50.0
-0.701018356081091,-0.1126520344904306,-0.184140679840277,-1.309489408780956,-1.1662169666857407,-0.578609332031091,-0.2445943944893858,-0.3385417432833893,-0.5130429971475117,1,Leadership-Oriented,EMP0340,41.0
-1.423257518348353,1.4286326192195506,-0.002937438561759,0.4195857619093373,1.1441253001505127,-0.3990270066033229,-0.0452992762375885,-0.2770845609000461,-0.8611556984860655,0,Emerging Performers,EMP0341,42.0
0.743459968453433,0.5683807194744448,-1.452563368789903,-0.7096061862965684,-0.283725714546571,-1.070508745159325,-0.3057590652013641,-0.3123077818481115,-0.948183873820704,1,Leadership-Oriented,EMP0342,53.0
0.0212208061861709,1.07019432765909,0.5406722852737951,-1.238914912018087,-0.4522914593371988,-0.28971602590816,-0.1892695667097071,-0.3529819049515348,0.4007528438661923,1,Leadership-Oriented,EMP0343,53.0
-1.423257518348353,0.2457862570700301,0.178265802716759,-0.0391484670493118,0.1029839352672224,0.7018907275408197,-0.2602505523506491,-0.2510436692749936,-0.8176416108187463,0,Emerging Performers,EMP0344,47.0
1.465699130720695,-1.6539366882004118,0.5406722852737951,-0.1450102121936155,-1.037313750081143,-0.2116367539830435,-0.2080318996089025,1.058650423892489,1.5321191232164928,4,Strategic High Performers,EMP0346,24.0
-0.701018356081091,0.3174739153821223,0.359469043995277,-0.0038612186678773,0.1723933595927754,0.0147931345997942,-0.1946326877699821,-0.2528950139139621,-0.2519584711435962,0,Emerging Performers,EMP0347,53.0
0.743459968453433,0.7117560360986291,0.178265802716759,0.8783199908679865,1.134209668104005,1.053247451203844,-0.2521293057354988,-0.2190828302360592,0.6183232822027885,2,Low Consistent Performers,EMP0348,54.0
0.0212208061861709,0.0307232821337536,-1.0901568862328672,1.442915964970939,1.2333659885690802,0.1397199696799807,-0.2864889198732731,-0.1118876546536194,-0.7741275231514271,2,Low Consistent Performers,EMP0349,54.0
0.0212208061861709,-0.0768082053343845,-1.0901568862328672,0.1725750232392954,0.1029839352672227,-1.1329721626994185,-0.1411369665413866,-0.2079715695112349,-0.7741275231514271,1,Leadership-Oriented,EMP0350,34.0
1.465699130720695,-0.721997130143214,0.7218755265523131,1.619352206878112,0.9656439233133768,1.927735296765148,-0.2635482706731647,0.096701987334956,1.749689561553089,4,Strategic High Performers,EMP0351,27.0
0.0212208061861709,-0.4352464968948453,-1.0901568862328672,0.4548730102907719,0.1426464634532527,-0.7894233662289057,-0.2395648646912332,-0.1315539530162893,-0.7741275231514271,2,Low Consistent Performers,EMP0352,25.0
-0.701018356081091,1.106038156815136,-0.9089536449543492,0.9488944876308556,1.4118473654062156,0.6550431643857496,-0.2985497958388746,-0.2373682315237275,-0.8611556984860655,0,Emerging Performers,EMP0353,59.0
0.0212208061861709,0.4608492320063066,0.5406722852737951,-0.2155847089564846,0.0732370391277001,1.2952931941717052,-0.2684231586281878,-0.2754252169756958,0.4007528438661923,4,Strategic High Performers,EMP0354,27.0
0.0212208061861709,-0.9370601050794904,0.9030787678308312,0.20786227162073,-0.3432195068256162,0.4286132758029114,-0.2119486780973328,-0.0335371219767428,0.6618373698701078,4,Strategic High Performers,EMP0355,24.0
-0.701018356081091,0.209942427913984,-0.7277504036758311,0.6313092521979446,0.6483436978251363,1.3343328301342627,-0.3175831733071548,-0.1975913127814648,-0.7741275231514271,0,Emerging Performers,EMP0356,48.0
-1.423257518348353,1.177725815127228,-0.3653439211187951,1.619352206878112,2.016700920243176,0.2802626591451907,-0.1691293881758767,-0.2061454132347013,-0.948183873820704,0,Emerging Performers,EMP0357,41.0
0.0212208061861709,1.7153832524679191,-0.5465471623973132,-1.6270746442138668,-0.4225445631976762,1.0688633055888668,-0.3171361934140428,-0.3755352424004417,-0.3825007341455539,1,Leadership-Oriented,EMP0358,39.0
-0.701018356081091,-1.4388737132641356,-1.2713601275113853,0.9136072392494212,-0.0259192813373754,1.13132672312896,-0.343635715648543,0.6904973185433096,-1.0352120491553425,0,Emerging Performers,EMP0359,41.0
0.0212208061861709,-0.1484958636464767,1.4466884916663851,-1.768223637739605,-1.5727578805925493,-1.85130146441049,0.363583533745797,-0.38001880339402,1.053464158875981,1,Leadership-Oriented,EMP0360,51.0
0.0212208061861709,0.0307232821337536,-0.5465471623973132,0.6313092521979446,0.5491873773600611,-0.1101337004803922,-0.2378607805819907,-0.1797363840048303,-0.3825007341455539,2,Low Consistent Performers,EMP0361,31.0
0.743459968453433,-1.152123080015767,0.178265802716759,-0.9566169249666102,-1.4438546639879517,0.319302295107749,-0.2741009693052146,-0.1895177797694214,0.6183232822027885,1,Leadership-Oriented,EMP0362,44.0
0.0212208061861709,-0.0051205470222924,1.6278917329449032,-1.3447766571623905,-1.1364700705462183,0.1943754600275624,-0.1909984675778221,-0.3441813435491549,1.1840064218779387,4,Strategic High Performers,EMP0363,24.0
0.0212208061861709,-0.1843396928025228,0.178265802716759,-0.2861592057193537,-0.3432195068256162,-1.421865468822349,0.3771512891298612,-0.2398896053010835,0.1396683178622769,1,Leadership-Oriented,EMP0364,30.0
0.743459968453433,1.141881985971182,-1.2713601275113853,-0.3214464541007883,0.3607903684764182,0.209991314412586,-0.3295026371234762,-0.3056599293643591,-0.7741275231514271,2,Low Consistent Performers,EMP0365,40.0
0.0212208061861709,-1.7973120048245963,-0.002937438561759,-0.1097229638121809,-1.0868919103136807,-0.914350201309092,-0.1684253534265183,6.979779534925123,0.0091260548603192,3,Reliable Core Talent,EMP0366,57.0
-0.701018356081091,-1.080435421703675,-0.3653439211187951,1.160617977919463,0.3806216325694332,0.319302295107749,-0.2594895404300686,0.2303059368568356,-0.6000711724821501,0,Emerging Performers,EMP0367,48.0
0.0212208061861709,-0.0409643761783384,-1.0901568862328672,-1.203627663636652,-1.037313750081143,0.998591960856262,-0.3405829706871285,-0.3311275488006628,-0.7741275231514271,1,Leadership-Oriented,EMP0368,49.0
0.0212208061861709,1.2852573025953664,1.4466884916663851,-0.4625954476265265,0.3211278402903883,0.3349181494927719,-0.1517612088929757,-0.3162815279815052,1.053464158875981,4,Strategic High Performers,EMP0369,29.0
-0.701018356081091,1.7512270816239657,-1.0901568862328672,-0.6390316895336993,0.4301997928019712,-1.4530971775923955,2.480153373659793,-0.332661520072951,-0.948183873820704,1,Leadership-Oriented,EMP0370,29.0
-1.423257518348353,1.106038156815136,-1.2713601275113853,0.8783199908679865,1.352353573127171,0.3583419310703072,-0.3181961743034228,-0.2411096248707719,-1.1657543121573002,0,Emerging Performers,EMP0371,39.0
0.0212208061861709,0.4966930611623527,-1.8149698513469392,0.20786227162073,0.4500310568949858,0.1006803337174224,-0.3690752569936631,-0.2487650912578015,-1.296296575159258,2,Low Consistent Performers,EMP0373,34.0
1.465699130720695,-1.4388737132641356,-0.3653439211187951,1.1959052263008976,0.2120558877788053,0.006985207407283,-0.2395648646912332,0.8020588656188187,0.4442669315335116,2,Low Consistent Performers,EMP0374,48.0
-0.701018356081091,1.106038156815136,-1.8149698513469392,0.59602200381651,1.1143784040109896,1.966774932727707,-0.3690752569936631,-0.25607519825895,-1.296296575159258,0,Emerging Performers,EMP0375,37.0
-1.423257518348353,0.0307232821337536,-1.6337666100684212,1.3723414682080703,1.1738721962900358,-0.7972312934214172,-0.2395648646912332,-0.1177875441624204,-1.2527824874919389,0,Emerging Performers,EMP0376,30.0
0.0212208061861709,1.6795394233118732,0.7218755265523131,-0.9919041733480448,0.0930683032207151,0.0147931345997947,-0.1826771222780164,-0.3472812054639431,0.5312951068681501,4,Strategic High Performers,EMP0377,48.0
0.0212208061861709,-0.4352464968948453,0.9030787678308312,0.0667132780949918,-0.1845693940814957,0.1006803337174224,-0.178278696905262,-0.1748198094141629,0.6618373698701078,4,Strategic High Performers,EMP0378,38.0
-1.423257518348353,1.6436955941558271,0.7218755265523131,0.8783199908679865,1.649822534522397,1.7403450441448691,-0.2481988908447286,-0.2630951321678376,-0.6870993478167886,0,Emerging Performers,EMP0380,25.0
-1.423257518348353,-1.4388737132641356,0.5406722852737951,0.1020005264764263,-0.7100978925463947,0.9439364705086808,-0.2656116475006605,0.3697578707012217,-0.7306134354841078,1,Leadership-Oriented,EMP0381,22.0
1.465699130720695,0.9268190110349056,-1.2713601275113853,-0.5331699443893956,0.0633214070811924,-1.3515941240897444,-0.1176727307595346,-0.3115644346527789,-0.6435852601494694,2,Low Consistent Performers,EMP0382,35.0
-0.701018356081091,0.4966930611623527,1.0842820091093492,0.1725750232392954,0.4202841607554635,1.3031011213642163,-0.2373190197380119,-0.2511250470613219,0.0961542301949577,0,Emerging Performers,EMP0383,29.0
0.0212208061861709,1.106038156815136,0.7218755265523131,-0.0038612186678773,0.6086811696391065,0.3271102223002607,-0.1826771222780164,-0.2878770417088283,0.5312951068681501,4,Strategic High Performers,EMP0384,28.0
0.743459968453433,-1.2954983966399511,-1.6337666100684212,-0.5331699443893956,-1.166216966685741,-0.3990270066033232,-0.3560054008897482,-0.0151294667092838,-1.122240224489981,1,Leadership-Oriented,EMP0385,51.0
-0.701018356081091,1.5003202775316429,-0.5465471623973132,-0.0038612186678773,0.8268250746622723,-0.4927221329134624,-0.1655589262327019,-0.2991615668039464,-0.6870993478167886,0,Emerging Performers,EMP0386,46.0
1.465699130720695,0.2816300862260762,1.265485250387867,-0.4978826960079611,-0.2638944504535556,0.7096986547333314,-0.2148176559710237,-0.2870843736268273,2.402400876562877,4,Strategic High Performers,EMP0387,37.0
-1.423257518348353,-1.618092859044366,-1.452563368789903,-0.2508719573379191,-1.1067231744066957,-0.6098410408011378,-0.3381053805735168,0.7416296942862514,-1.2092683998246194,1,Leadership-Oriented,EMP0388,32.0
0.0212208061861709,1.3569449609074584,0.9030787678308312,0.9841817360122902,1.5804131101968435,-0.6644965311487192,1.4116926371647471,-0.2471210771025401,0.6618373698701078,4,Strategic High Performers,EMP0389,41.0
0.0212208061861709,1.2852573025953664,1.0842820091093492,-1.80351088612104,-0.8092542130114699,-1.94499659072063,1.9103076475291016,-0.3832825720584631,0.7923796328720655,1,Leadership-Oriented,EMP0390,54.0
0.0212208061861709,1.7153832524679191,-1.452563368789903,-0.5684571927708302,0.4698623209880012,0.1475278968724924,-0.3414128431038237,-0.329051264452313,-1.0352120491553425,2,Low Consistent Performers,EMP0391,42.0
-1.423257518348353,0.209942427913984,-1.6337666100684212,-0.8507551798223066,-0.6010259400348117,-0.805039220613929,-0.3490102666369486,-0.3106207749500725,-1.2527824874919389,1,Leadership-Oriented,EMP0392,31.0
-1.423257518348353,1.536164106687689,1.0842820091093492,-1.521212899069563,-0.4324601952441838,-1.6248715758276522,0.8305999559130552,-0.3702274974006908,-0.6000711724821501,1,Leadership-Oriented,EMP0393,30.0
0.743459968453433,-0.3277150094267071,-1.0901568862328672,-0.5684571927708302,-0.6605197323138566,0.6862748731557962,-0.3347472012026576,-0.2554516327011092,-0.6000711724821501,1,Leadership-Oriented,EMP0395,55.0
-1.423257518348353,-0.0051205470222924,-0.7277504036758311,-0.0038612186678773,-0.0060880172443605,-0.5708014048385794,-0.2375723971173497,-0.2298854448296384,-1.0352120491553425,1,Leadership-Oriented,EMP0396,52.0
-0.701018356081091,0.7834436944107213,-1.2713601275113853,1.5487777101152431,1.7390632229409644,1.6154182090646825,-0.3405829706871285,-0.1836561736099926,-1.0352120491553425,0,Emerging Performers,EMP0397,41.0
0.0212208061861709,1.141881985971182,0.5406722852737951,-1.3447766571623905,-0.5018696195697364,-0.3209477346782065,-0.1892695667097071,-0.3592565159864785,0.4007528438661923,1,Leadership-Oriented,EMP0398,45.0
1.465699130720695,0.4250054028502605,-1.6337666100684212,1.1959052263008976,1.243281620615588,1.615418209064683,-0.3604412308401678,-0.1763181940513187,-1.0787261368226615,2,Low Consistent Performers,EMP0399,40.0
-0.701018356081091,0.0307232821337536,-0.184140679840277,0.9841817360122902,0.8466563387552869,0.4364212029954231,-0.2421294269150438,-0.1502369364608256,-0.5130429971475117,0,Emerging Performers,EMP0400,42.0
-1.423257518348353,-1.3671860549520434,0.178265802716759,-1.521212899069563,-2.038792586778403,0.2256071687976089,-0.2810372936869552,-0.2888843399176479,-0.8176416108187463,1,Leadership-Oriented,EMP0401,46.0
0.743459968453433,-0.9012162759234444,-1.8149698513469392,1.5840649584966775,0.8367407067087792,-0.2506763899456017,-0.3690752569936631,0.183106820786428,-1.296296575159258,2,Low Consistent Performers,EMP0402,41.0
0.743459968453433,0.2816300862260762,0.7218755265523131,-1.3800639055438249,-1.0075668539416205,-0.3209477346782067,-0.1971390465231959,-0.3520831563509056,1.1404923342106197,4,Strategic High Performers,EMP0403,47.0
0.0212208061861709,-0.0051205470222924,-0.002937438561759,-0.6743189379151339,-0.571279043895289,-0.4771062785284394,-0.2107847775129155,-0.2870333941893966,0.0091260548603192,1,Leadership-Oriented,EMP0404,28.0
0.0212208061861709,-0.5786218135190296,-0.002937438561759,0.4195857619093373,0.0335745109416698,0.1787596056425389,-0.2383766959545137,-0.1071677430465787,0.0091260548603192,2,Low Consistent Performers,EMP0405,24.0
-1.423257518348353,0.2816300862260762,0.359469043995277,-0.9566169249666102,-0.6506041002673494,0.6160035284231914,-0.2648351851404878,-0.320883740643348,-0.7741275231514271,1,Leadership-Oriented,EMP0406,29.0
-1.423257518348353,1.2135696442832742,1.6278917329449032,0.6313092521979446,1.203619092429558,0.5691559652681214,-0.1062823250401889,-0.2587601981903584,-0.4695289094801924,0,Emerging Performers,EMP0407,51.0
0.0212208061861709,0.7834436944107213,0.5406722852737951,0.4901602586722064,0.8466563387552869,0.0538327705623524,-0.1375754307530698,-0.2466960889095096,0.4007528438661923,2,Low Consistent Performers,EMP0408,32.0
0.0212208061861709,1.7153832524679191,-0.9089536449543492,-0.5331699443893956,0.4996092171275235,-1.320362415319698,0.521308690085542,-0.3275017985207087,-0.6435852601494694,2,Low Consistent Performers,EMP0409,29.0
0.0212208061861709,0.4250054028502605,-0.184140679840277,0.6665965005793792,0.7970781785227493,0.6628510915782614,-0.2613313171790366,-0.2128413195819912,-0.1214162081416385,2,Low Consistent Performers,EMP0410,58.0
1.465699130720695,-0.5786218135190296,1.6278917329449032,0.1725750232392954,-0.174653762034988,0.537924256498075,-0.174343803819506,-0.1378471684923436,2.83754175323607,4,Strategic High Performers,EMP0411,38.0
-0.701018356081091,-1.1162792508597208,1.265485250387867,-1.062478670110914,-1.5132640883135042,-0.7659995846513707,-0.1219482839267817,-0.2222155884681972,0.1831824055295961,1,Leadership-Oriented,EMP0412,29.0
0.743459968453433,-1.5822490298883198,-1.8149698513469392,0.59602200381651,-0.3729664029651389,-1.3203624153196976,-0.3690752569936631,1.1068609495929769,-1.296296575159258,2,Low Consistent Performers,EMP0413,51.0
1.465699130720695,-0.1484958636464767,-0.184140679840277,0.3137240167650336,0.182308991639283,-0.5395696960685327,-0.1553831096946539,-0.1874564521918784,0.6618373698701078,2,Low Consistent Performers,EMP0414,37.0
0.743459968453433,0.6042245486304909,-1.8149698513469392,1.442915964970939,1.5506662140573215,0.7955858538509597,-0.3690752569936631,-0.1757452822782885,-1.296296575159258,2,Low Consistent Performers,EMP0415,25.0
-1.423257518348353,-0.3635588385827532,0.5406722852737951,0.4548730102907719,0.1823089916392827,-1.2266672890095578,0.865590482956168,-0.1438333978476148,-0.7306134354841078,1,Leadership-Oriented,EMP0416,42.0
-1.423257518348353,-0.0051205470222924,1.6278917329449032,-1.6623618925953014,-1.4041921358019216,-0.0398623557477875,-0.1836802433552533,-0.3712514248248298,-0.4695289094801924,1,Leadership-Oriented,EMP0417,55.0
-1.423257518348353,1.2852573025953664,-0.002937438561759,1.0900434811565938,1.6299912704293813,-0.0086306469777405,-0.0951109655846769,-0.2387013716818697,-0.8611556984860655,0,Emerging Performers,EMP0418,41.0
1.465699130720695,0.8192875235667674,-1.0901568862328672,0.525447507053641,0.8962344989878253,0.4364212029954237,-0.3137504292139844,-0.2464689180435654,-0.4260148218128731,2,Low Consistent Performers,EMP0419,34.0
-1.423257518348353,-0.3635588385827532,-0.7277504036758311,0.7018837489608137,0.3905372646159409,1.6934974809897994,-0.3252409703682253,-0.1176436444183033,-1.0352120491553425,0,Emerging Performers,EMP0420,48.0
0.743459968453433,-0.5427779843629835,-1.452563368789903,-1.5917873958324322,-1.642167304918102,-1.1407800898919298,-0.3338995948868303,-0.3577163841869924,-0.948183873820704,1,Leadership-Oriented,EMP0421,29.0
0.0212208061861709,0.4608492320063066,1.0842820091093492,-1.0271914217294793,-0.610941572081319,-0.0008227197852293,-0.1852540550160207,-0.3305523095735547,0.7923796328720655,4,Strategic High Performers,EMP0422,50.0
0.0212208061861709,0.8551313527228135,-0.3653439211187951,-0.9919041733480448,-0.3630507709186312,-1.601447794250117,0.3907190445139252,-0.3362407863749569,-0.2519584711435962,1,Leadership-Oriented,EMP0423,37.0
-1.423257518348353,0.3174739153821223,1.0842820091093492,-0.0038612186678773,0.1723933595927754,1.2328297766316116,-0.2395648646912332,-0.2528950139139621,-0.6000711724821501,0,Emerging Performers,EMP0424,26.0
0.743459968453433,-0.6861533009871679,-1.6337666100684212,0.3490112651464682,-0.0854130736164204,0.3271102223002607,-0.3573980904745916,-0.090869298278516,-1.122240224489981,2,Low Consistent Performers,EMP0425,58.0
-1.423257518348353,-0.6861533009871679,0.7218755265523131,0.4548730102907719,0.0038276148021471,0.7487382906958892,-0.2324684048390453,-0.0764883176008137,-0.6870993478167886,0,Emerging Performers,EMP0426,41.0
0.0212208061861709,1.607851764999781,-1.452563368789903,-0.0038612186678773,0.8863188669413169,0.6081956012306796,-0.3449292516491423,-0.30179034821815,-1.0352120491553425,2,Low Consistent Performers,EMP0427,36.0
1.465699130720695,1.7153832524679191,-0.3653439211187951,-0.2155847089564846,0.767331282383227,-0.867502638154022,0.0379574045282591,-0.3135566051362701,0.4442669315335116,2,Low Consistent Performers,EMP0428,42.0
-0.701018356081091,0.2457862570700301,-1.6337666100684212,-0.6743189379151339,-0.4324601952441838,0.0147931345997947,-0.3570022543214027,-0.2986496742770426,-1.2092683998246194,1,Leadership-Oriented,EMP0429,55.0
0.0212208061861709,0.1382547696018919,-0.184140679840277,1.478203213352374,1.3226066769876486,-0.33656358906323,-0.012921678161981,-0.123901975107905,-0.1214162081416385,2,Low Consistent Performers,EMP0430,43.0
-0.701018356081091,0.8909751818788595,1.265485250387867,0.9841817360122902,1.3226066769876486,1.98239078711273,-0.2402537497566717,-0.2238302950706059,0.1831824055295961,0,Emerging Performers,EMP0431,43.0
-1.423257518348353,0.0307232821337536,-0.002937438561759,-1.6623618925953014,-1.3843608717089064,-1.999652081068211,0.3432319006697009,-0.3714827930408612,-0.8611556984860655,1,Leadership-Oriented,EMP0432,30.0
0.743459968453433,1.0343504985030438,1.0842820091093492,-0.9566169249666102,-0.2341475543140333,0.8736651257760761,-0.2349939096687946,-0.3372634338898158,1.4886050355491736,4,Strategic High Performers,EMP0433,47.0
1.465699130720695,-1.152123080015767,0.9030787678308312,-0.1097229638121809,-0.7299291566394096,-1.585831939865094,0.7556202551063854,0.0042470125196202,1.9672599998896847,4,Strategic High Performers,EMP0434,34.0
0.0212208061861709,-0.4352464968948453,0.178265802716759,-0.2861592057193537,-0.4820383554767214,-1.6639112117902104,1.3721200172945605,-0.2141524061395026,0.1396683178622769,1,Leadership-Oriented,EMP0435,39.0
0.0212208061861709,-0.3994026677387992,-0.3653439211187951,-0.9213296765851756,-0.9976512218951128,0.0304089889848177,-0.2846536679372644,-0.2874093675404477,-0.2519584711435962,1,Leadership-Oriented,EMP0436,22.0
1.465699130720695,-0.5427779843629835,-0.3653439211187951,-0.4978826960079611,-0.720013524592902,-1.4843288863624424,0.0379574045282591,-0.2256244135177267,0.4442669315335116,1,Leadership-Oriented,EMP0437,44.0
0.743459968453433,-1.5105613715762276,0.7218755265523131,-0.1450102121936155,-0.9579886937090828,-1.1954355802395111,0.0298167512978208,0.4177913145809547,1.1404923342106197,4,Strategic High Performers,EMP0438,54.0
0.0212208061861709,-0.3994026677387992,-0.9089536449543492,-0.0038612186678773,-0.2242319222675256,-0.4849142057209512,-0.2753506309853257,-0.1877012348417117,-0.6435852601494694,1,Leadership-Oriented,EMP0439,52.0
0.743459968453433,-1.008747763391583,0.7218755265523131,0.4195857619093373,-0.204400658174511,0.6628510915782614,-0.2324684048390453,0.0368921677422306,1.1404923342106197,4,Strategic High Performers,EMP0440,42.0
0.0212208061861709,-0.5069341552069375,1.265485250387867,-0.2508719573379191,-0.4919539875232291,1.0220157424337968,-0.2352717025154621,-0.2008643667052662,0.9229218958740232,4,Strategic High Performers,EMP0441,44.0
0.0212208061861709,0.0307232821337536,-0.3653439211187951,-0.0038612186678773,0.0137432468486548,0.0772565521398877,-0.2615571954595704,-0.2328353895840389,-0.2519584711435962,2,Low Consistent Performers,EMP0442,37.0
-1.423257518348353,-0.9729039342355364,-0.002937438561759,-0.1450102121936155,-0.6605197323138571,-0.1257495548654158,-0.2407316249822461,-0.0828798645686814,-0.8611556984860655,1,Leadership-Oriented,EMP0443,48.0
0.0212208061861709,-0.7936847884553061,-0.3653439211187951,-1.4153511539252597,-1.6322516728715948,0.1006803337174224,-0.297396549304268,-0.3250974548337365,-0.2519584711435962,1,Leadership-Oriented,EMP0444,41.0
-0.701018356081091,0.1740985987579379,-1.452563368789903,1.5134904617338083,1.372184837220186,1.7325371169523571,-0.3520140077083131,-0.1257945370672217,-1.122240224489981,0,Emerging Performers,EMP0445,59.0
0.0212208061861709,1.177725815127228,-0.002937438561759,-1.238914912018087,-0.3927976670581535,0.0147931345997942,-0.2513385367187269,-0.3540640716339251,0.0091260548603192,1,Leadership-Oriented,EMP0446,35.0
0.743459968453433,0.0307232821337536,-1.6337666100684212,1.0547562327751592,0.9061501310343322,0.7175065819258432,-0.3568990662643748,-0.1443370469520246,-1.122240224489981,2,Low Consistent Performers,EMP0447,58.0
1.465699130720695,0.7834436944107213,-1.0901568862328672,1.5487777101152431,1.7390632229409644,0.6628510915782614,-0.3050476473160574,-0.1836561736099926,-0.4260148218128731,2,Low Consistent Performers,EMP0448,28.0
1.465699130720695,1.07019432765909,1.4466884916663851,1.3723414682080703,1.748978854987472,1.3811803932893327,-0.1805233623180667,-0.2128413195819912,2.6199713148994737,4,Strategic High Performers,EMP0449,33.0
0.743459968453433,0.3891615736942144,-0.184140679840277,0.6313092521979446,0.7475000182902116,-1.0158532548117432,0.6171961920786871,-0.2125664143360615,0.2702105808642346,2,Low Consistent Performers,EMP0450,49.0
-1.423257518348353,1.536164106687689,0.9030787678308312,1.4076287165895047,2.036532184336191,0.1397199696799807,0.0670311660655394,-0.234781097826303,-0.6435852601494694,0,Emerging Performers,EMP0451,24.0
-0.701018356081091,1.2135696442832742,1.4466884916663851,1.5134904617338083,1.9472914959176224,0.6940828003483074,-0.0709001677392316,-0.2136433960642335,0.2702105808642346,0,Emerging Performers,EMP0452,43.0
0.0212208061861709,-1.618092859044366,1.0842820091093492,-0.0038612186678773,-0.8984949014300379,-0.3287556618707182,-0.147775945874948,0.9205930093865468,0.7923796328720655,4,Strategic High Performers,EMP0453,42.0
0.0212208061861709,-1.4747175424201815,-0.3653439211187951,0.2431495200021645,-0.6109415720813194,1.2952931941717052,-0.3115150826370276,0.5064207658687201,-0.2519584711435962,2,Low Consistent Performers,EMP0454,50.0
0.743459968453433,-1.3671860549520434,0.178265802716759,-0.8507551798223066,-1.473601560127474,-0.6488806767636957,-0.2169319805995465,-0.0646885385832118,0.6183232822027885,1,Leadership-Oriented,EMP0455,41.0
0.0212208061861709,-1.3671860549520434,-0.184140679840277,1.6899267036409813,0.6681749619181517,-0.3990270066033232,-0.0962767710800343,0.7848955506841249,-0.1214162081416385,2,Low Consistent Performers,EMP0456,24.0
0.743459968453433,0.3533177445381684,-1.8149698513469392,-1.521212899069563,-1.0868919103136805,-1.85130146441049,-0.3690752569936631,-0.3631649160284533,-1.296296575159258,1,Leadership-Oriented,EMP0457,48.0
0.743459968453433,-0.5069341552069375,0.7218755265523131,0.7018837489608137,0.3112122082438806,-0.28971602590816,-0.0841523939283174,-0.088925922511259,1.1404923342106197,4,Strategic High Performers,EMP0458,42.0
0.743459968453433,0.9268190110349056,-0.7277504036758311,1.619352206878112,1.8778820715920688,1.9745828599202184,-0.3184972339643118,-0.1900420351598138,-0.2519584711435962,2,Low Consistent Performers,EMP0459,54.0
1.465699130720695,0.8551313527228135,-0.9089536449543492,0.8430327424865519,1.1837878283365426,1.6466499178347287,-0.3274198676566243,-0.2298854448296384,-0.2084443834762769,2,Low Consistent Performers,EMP0460,51.0
0.0212208061861709,-1.4030298841080897,1.265485250387867,1.5134904617338083,0.4996092171275235,-0.8128471478064404,0.5624033337968899,0.8183282579006637,0.9229218958740232,4,Strategic High Performers,EMP0461,30.0
1.465699130720695,0.1382547696018919,-0.002937438561759,1.6899267036409813,1.5010880538247835,-0.7269599486888124,2.480153373659793,-0.1071677430465787,0.879407808206704,2,Low Consistent Performers,EMP0462,59.0
0.743459968453433,-0.2560273511146149,-0.002937438561759,0.0667132780949918,-0.0854130736164204,-1.0002374004267198,-0.0037895351150149,-0.1985087597146516,0.4442669315335116,4,Strategic High Performers,EMP0463,44.0
0.743459968453433,0.9268190110349056,1.265485250387867,-1.5917873958324322,-0.8290854771044849,-1.5702160854800704,0.3648169660534393,-0.3713295491575158,1.6626613862184505,4,Strategic High Performers,EMP0464,44.0
0.0212208061861709,1.106038156815136,-0.5465471623973132,-1.5565001474509976,-0.700182260499887,-1.4062496144373258,-0.1197677518114857,-0.3701876953438074,-0.3825007341455539,1,Leadership-Oriented,EMP0465,22.0
0.0212208061861709,0.2816300862260762,-0.002937438561759,1.231192474682332,1.193703460383051,1.3343328301342634,-0.2728175329851004,-0.1596867594876339,0.0091260548603192,0,Emerging Performers,EMP0466,42.0
1.465699130720695,0.7117560360986291,-0.9089536449543492,1.160617977919463,1.372184837220186,1.6310340634497058,-0.3253754313701438,-0.2017986468863325,-0.2084443834762769,2,Low Consistent Performers,EMP0467,53.0
0.0212208061861709,-1.3671860549520434,-0.184140679840277,0.0667132780949918,-0.7001822604998873,-0.24286846275309,-0.2445943944893858,0.2421057158744375,-0.1214162081416385,1,Leadership-Oriented,EMP0468,47.0
-0.701018356081091,1.7512270816239657,-0.184140679840277,-0.8860424282037411,0.221971519825313,-1.1407800898919296,0.0730464270732525,-0.3433993189789687,-0.5130429971475117,1,Leadership-Oriented,EMP0469,54.0
-0.701018356081091,-1.5464052007322735,-1.452563368789903,-1.3800639055438249,-2.018961322685388,-1.812261828447932,-0.3071355041533706,-0.1531868812152261,-1.122240224489981,1,Leadership-Oriented,EMP0470,30.0
-0.701018356081091,0.3891615736942144,0.5406722852737951,-0.0038612186678773,0.2120558877788053,-0.5473776232610442,-0.065468927497803,-0.257101064176688,-0.1649302958089577,1,Leadership-Oriented,EMP0471,38.0
-0.701018356081091,-1.4747175424201815,-0.5465471623973132,-0.3920209508636574,-1.1463857025927258,-1.0158532548117436,-0.2224237833570881,0.2303059368568356,-0.6870993478167886,1,Leadership-Oriented,EMP0472,27.0
0.743459968453433,-1.5464052007322735,0.5406722852737951,-1.7329363893581704,-2.3164302840806137,0.1241041152949577,-0.2661864453311772,-0.3449332902512569,0.9664359835413424,1,Leadership-Oriented,EMP0473,28.0
1.465699130720695,-0.4710903260508914,-1.452563368789903,-1.133053166873783,-1.2157951269182783,0.5457321836905867,-0.3527939505327862,-0.3065840084440508,-0.8611556984860655,1,Leadership-Oriented,EMP0474,28.0
-1.423257518348353,-0.0768082053343845,-1.6337666100684212,-1.450638402306694,-1.265373287150816,-1.5077526679399773,-0.338764314114371,-0.3519770358893152,-1.2527824874919389,1,Leadership-Oriented,EMP0475,58.0
-1.423257518348353,-1.5105613715762276,-0.002937438561759,0.1725750232392954,-0.6902666284533794,-0.227252608368067,-0.2307631875444662,0.5711884418097795,-0.8611556984860655,1,Leadership-Oriented,EMP0476,26.0
-0.701018356081091,1.3569449609074584,-1.2713601275113853,1.619352206878112,2.1158572407082508,1.5217230827545425,-0.3371809066505274,-0.2160969390113171,-1.0352120491553425,0,Emerging Performers,EMP0477,54.0
1.465699130720695,-0.6503094718311218,-0.3653439211187951,-0.2861592057193537,-0.6010259400348117,-1.0080453276192316,-0.1580212843526663,-0.1834014668815097,0.4442669315335116,1,Leadership-Oriented,EMP0478,31.0
0.0212208061861709,0.209942427913984,1.6278917329449032,0.4901602586722064,0.5293561132670465,1.4280279564444027,-0.2152816661345276,-0.2083560234641893,1.1840064218779387,4,Strategic High Performers,EMP0479,38.0
0.0212208061861709,0.4250054028502605,-1.452563368789903,1.5840649584966775,1.570497478150336,2.2400523844656144,-0.3543885114748309,-0.1495345686621588,-1.0352120491553425,0,Emerging Performers,EMP0480,49.0
-0.701018356081091,-0.0768082053343845,0.9030787678308312,-1.5917873958324322,-1.3843608717089062,-1.1017404539293714,-0.0915529877741706,-0.3644992503569744,0.0091260548603192,1,Leadership-Oriented,EMP0481,43.0
-0.701018356081091,-1.4030298841080897,-0.002937438561759,1.5134904617338083,0.4996092171275235,-0.3599873706407647,-0.1100544723888034,0.8183282579006637,-0.4260148218128731,0,Emerging Performers,EMP0482,42.0
0.0212208061861709,0.0307232821337536,-1.452563368789903,1.4076287165895047,1.203619092429558,0.6550431643857496,-0.3414128431038237,-0.1148375994080199,-1.0352120491553425,2,Low Consistent Performers,EMP0483,53.0
-1.423257518348353,1.2494134734393203,-0.9089536449543492,0.2431495200021645,0.8962344989878246,-0.625456895186161,-0.1765598089765376,-0.2798286955553023,-1.0787261368226615,0,Emerging Performers,EMP0484,53.0
-1.423257518348353,0.1382547696018919,-1.452563368789903,-0.8860424282037411,-0.6704353643603643,0.1319120424874689,-0.3476524853346145,-0.3107675664593824,-1.2092683998246194,1,Leadership-Oriented,EMP0485,57.0
0.743459968453433,0.0307232821337536,-0.002937438561759,1.0194689843937248,0.8764032348948099,0.5301163293055632,-0.2346776800760472,-0.1472869917064251,0.4442669315335116,2,Low Consistent Performers,EMP0486,52.0
-1.423257518348353,0.7475998652546753,1.4466884916663851,1.3723414682080703,1.5704974781503367,-0.7191520214963006,3.904767688986521,-0.1915361630224323,-0.5130429971475117,0,Emerging Performers,EMP0487,27.0
0.0212208061861709,-1.7973120048245963,-0.002937438561759,0.9136072392494212,-0.224231922267526,0.1787596056425389,-0.2418775502680623,11.42829622456104,0.0091260548603192,3,Reliable Core Talent,EMP0488,42.0
-0.701018356081091,0.7834436944107213,1.6278917329449032,-1.3800639055438249,-0.7299291566394096,-1.2578989977796045,0.18332621221466,-0.3580666059386563,0.3572387561988731,1,Leadership-Oriented,EMP0489,56.0
0.0212208061861709,-1.689780517356458,1.0842820091093492,-0.6390316895336993,-1.473601560127474,-1.812261828447932,0.4751406335703239,0.8822437275793406,0.7923796328720655,1,Leadership-Oriented,EMP0490,35.0
0.0212208061861709,-1.1162792508597208,-0.9089536449543492,1.3370542198266355,0.5095248491740312,-0.4380666425658815,-0.2294071868635917,0.2993346441098067,-0.6435852601494694,2,Low Consistent Performers,EMP0491,44.0
0.743459968453433,0.8192875235667674,0.359469043995277,0.3842985135279028,0.7772469144297347,0.3739577854553307,-0.2031007736546268,-0.254760654650529,0.7923796328720655,2,Low Consistent Performers,EMP0492,41.0
-1.423257518348353,0.8909751818788595,-1.8149698513469392,-0.9213296765851756,-0.283725714546571,-1.1720117986619765,-0.3690752569936631,-0.3328229907331919,-1.296296575159258,1,Leadership-Oriented,EMP0493,51.0
-1.423257518348353,-0.8295286176113522,1.265485250387867,-0.9566169249666102,-1.265373287150816,-1.890341100373048,0.9055796567197252,-0.2517993201480419,-0.5565570848148309,1,Leadership-Oriented,EMP0494,31.0
0.0212208061861709,1.4286326192195506,0.9030787678308312,-1.80351088612104,-0.7299291566394096,-1.4452892503998842,0.1651551112538599,-0.3832825720584631,0.6618373698701078,1,Leadership-Oriented,EMP0495,26.0
0.743459968453433,1.2494134734393203,1.6278917329449032,-1.133053166873783,-0.263894450453556,-0.7659995846513707,0.0349198473527224,-0.3493925090660484,2.0107740875570044,4,Strategic High Performers,EMP0496,51.0
0.0212208061861709,-0.6144656426750758,-0.9089536449543492,-1.309489408780956,-1.4438546639879517,-0.2506763899456017,-0.31470066480562,-0.3201190490818883,-0.6435852601494694,1,Leadership-Oriented,EMP0497,28.0
1.465699130720695,1.4644764483755968,-1.452563368789903,-0.0038612186678773,0.8069938105692569,0.9517443977011928,-0.3490102666369486,-0.2982472080511799,-0.8611556984860655,2,Low Consistent Performers,EMP0498,27.0
1.465699130720695,-0.291871180270661,-0.9089536449543492,1.4076287165895047,1.0251377155924228,-0.0398623557477869,-0.2560106287931291,-0.058651442341648,-0.2084443834762769,2,Low Consistent Performers,EMP0499,29.0
-1.423257518348353,-1.4030298841080897,-0.9089536449543492,1.6546394552595467,0.6185968016856137,-1.0627008179668131,0.8181033391119438,0.869460633643605,-1.0787261368226615,0,Emerging Performers,EMP0500,47.0
0.0212208061861709,0.4250054028502605,1.0842820091093492,-0.0038612186678773,0.2318871518718203,0.053832770562353,-0.1388345595671211,-0.2591039452541765,0.7923796328720655,4,Strategic High Performers,EMP0501,39.0
-1.423257518348353,0.9268190110349056,1.6278917329449032,1.1253307295380284,1.4614255256387538,0.0226010617923059,0.0976087428547478,-0.217932421928691,-0.4695289094801924,0,Emerging Performers,EMP0502,57.0
1.465699130720695,1.607851764999781,0.9030787678308312,1.1253307295380284,1.8382195434060395,0.4208053486104002,-0.0803020849679749,-0.2506579724752084,1.9672599998896847,4,Strategic High Performers,EMP0503,47.0
1.465699130720695,1.536164106687689,-1.452563368789903,-1.6976491409767358,-0.5811946759417967,-1.3594020512822562,-0.299581875758213,-0.3783869190617985,-0.8611556984860655,1,Leadership-Oriented,EMP0504,57.0
0.0212208061861709,-0.75784095929926,1.6278917329449032,0.2784367683835991,-0.1845693940814957,-1.3281703425122091,1.055539058333065,-0.0816015551751079,1.1840064218779387,4,Strategic High Performers,EMP0505,25.0
0.743459968453433,-1.0445915925476286,-0.002937438561759,1.478203213352374,0.6681749619181517,1.763768825722404,-0.2928926732863515,0.2651689203179322,0.4442669315335116,2,Low Consistent Performers,EMP0506,34.0
-1.423257518348353,1.7153832524679191,-0.184140679840277,1.5134904617338083,2.224929193219833,2.0995096950004046,-0.2932082224496362,-0.2376327744876599,-0.9046697861533848,0,Emerging Performers,EMP0507,45.0
0.0212208061861709,-0.5069341552069375,1.6278917329449032,-0.3920209508636574,-0.6109415720813194,-0.9768136188491848,0.1057961814485795,-0.2174478399191932,1.1840064218779387,4,Strategic High Performers,EMP0508,52.0
1.465699130720695,-0.5786218135190296,1.265485250387867,-1.6976491409767358,-1.751239257429685,-0.5708014048385794,-0.1689228325262715,-0.370134246867421,2.402400876562877,4,Strategic High Performers,EMP0509,43.0
-1.423257518348353,-0.2560273511146149,-0.002937438561759,0.3842985135279028,0.1823089916392823,1.264061485401658,-0.2876687246892787,-0.1671320745996647,-0.8611556984860655,0,Emerging Performers,EMP0510,39.0
-0.701018356081091,0.0307232821337536,-0.002937438561759,-0.1097229638121809,-0.0754974415699127,-1.6092557214426286,13.877067896273616,-0.2416852238472403,-0.4260148218128731,4,Strategic High Performers,EMP0511,55.0
-1.423257518348353,0.3533177445381684,-1.0901568862328672,-1.1683404152552177,-0.789422948918455,-0.555185550453556,-0.3084533712350789,-0.3380178459909411,-1.122240224489981,1,Leadership-Oriented,EMP0512,44.0
0.743459968453433,0.0307232821337536,-0.5465471623973132,-1.3800639055438249,-1.1463857025927258,-1.1251642355069065,-0.2224237833570881,-0.3478832350056574,-0.0779021204743192,1,Leadership-Oriented,EMP0513,58.0
0.0212208061861709,0.9268190110349056,-1.2713601275113853,0.9841817360122902,1.3424379410806633,1.912119442380125,-0.34572092395552,-0.225901103862656,-0.9046697861533848,0,Emerging Performers,EMP0514,22.0
0.0212208061861709,1.07019432765909,-1.6337666100684212,-1.133053166873783,-0.3630507709186312,-1.1485880170844414,-0.3374171610975136,-0.3473005298689857,-1.1657543121573002,1,Leadership-Oriented,EMP0515,41.0
0.743459968453433,0.5683807194744448,-1.0901568862328672,0.7018837489608137,0.9061501310343322,0.5066925477280284,-0.3153162262266168,-0.2207274073831414,-0.6000711724821501,2,Low Consistent Performers,EMP0516,46.0
-1.423257518348353,-1.1162792508597208,1.4466884916663851,-1.450638402306694,-1.8404799458482528,-0.9533898372716502,-0.1047138376546826,-0.3065840084440508,-0.5130429971475117,1,Leadership-Oriented,EMP0517,27.0
-1.423257518348353,0.4966930611623527,0.5406722852737951,-1.0977659184923485,-0.6506041002673494,0.1006803337174224,-0.2287723319993641,-0.3360834559880555,-0.7306134354841078,1,Leadership-Oriented,EMP0518,41.0
1.465699130720695,1.3927887900635043,0.9030787678308312,-0.8507551798223066,0.0534057750346848,-0.6723044583412306,-0.0298813723920611,-0.3372634338898158,1.9672599998896847,4,Strategic High Performers,EMP0519,41.0
-1.423257518348353,0.0307232821337536,-0.7277504036758311,0.9841817360122902,0.8466563387552869,-0.531761768876021,-0.1499038238664741,-0.1502369364608256,-1.0352120491553425,0,Emerging Performers,EMP0520,30.0
-0.701018356081091,0.0307232821337536,0.7218755265523131,-0.4625954476265265,-0.3729664029651385,-0.3599873706407647,-0.1499038238664741,-0.2711846713912451,-0.0779021204743192,1,Leadership-Oriented,EMP0521,39.0
0.743459968453433,0.5325368903183988,1.265485250387867,0.525447507053641,0.7375843862437039,0.2334150959901207,-0.1114322425196803,-0.2298854448296384,1.6626613862184505,4,Strategic High Performers,EMP0522,24.0
1.465699130720695,1.2852573025953664,0.9030787678308312,1.5134904617338083,1.9869540241036523,-0.24286846275309,0.4856933322023737,-0.2175431472365146,1.9672599998896847,4,Strategic High Performers,EMP0523,57.0
0.0212208061861709,1.106038156815136,-0.9089536449543492,-0.7801806830594374,-0.0457505454303904,1.2952931941717043,-0.3317816885296126,-0.3290323685263178,-0.6435852601494694,2,Low Consistent Performers,EMP0524,27.0
0.743459968453433,0.4250054028502605,-0.5465471623973132,-1.5565001474509976,-1.076976278267173,-0.5708014048385794,-0.2722568083792253,-0.3662384468108159,-0.0779021204743192,1,Leadership-Oriented,EMP0525,59.0
0.0212208061861709,-1.152123080015767,-1.0901568862328672,-0.7096061862965684,-1.2356263910112937,-1.2578989977796045,-0.2691023225847699,-0.1330030486851176,-0.7741275231514271,1,Leadership-Oriented,EMP0526,22.0
0.743459968453433,-1.0445915925476286,-0.002937438561759,0.8430327424865519,0.132730831406745,0.7175065819258432,-0.2658423355931756,0.1396621798579846,0.4442669315335116,2,Low Consistent Performers,EMP0527,40.0
0.0212208061861709,0.3533177445381684,-0.9089536449543492,-0.0038612186678773,0.19222462368579,0.9751681792787272,-0.3242760646877912,-0.2550325148671507,-0.6435852601494694,2,Low Consistent Performers,EMP0528,59.0
0.0212208061861709,0.640068377786537,-1.0901568862328672,0.3842985135279028,0.6780905939646594,-0.4458745697583929,-0.2615571954595704,-0.2454474722296641,-0.7741275231514271,2,Low Consistent Performers,EMP0529,49.0
1.465699130720695,-1.008747763391583,-0.002937438561759,0.2431495200021645,-0.3531351388721239,0.1787596056425395,-0.2503573973831025,0.0035449661707469,0.879407808206704,4,Strategic High Performers,EMP0530,30.0
-1.423257518348353,-0.2560273511146149,1.6278917329449032,-0.6390316895336993,-0.680350996406872,0.1241041152949571,-0.1624518066790995,-0.2682347266368446,-0.4695289094801924,1,Leadership-Oriented,EMP0531,31.0
-1.423257518348353,1.5720079358437349,1.265485250387867,-1.133053166873783,-0.0854130736164204,-0.133557482057927,-0.1339447389300283,-0.3526031466126982,-0.5565570848148309,1,Leadership-Oriented,EMP0532,45.0
0.743459968453433,0.9985066693469976,1.265485250387867,-0.5684571927708302,0.0732370391277001,-0.3053318802931832,-0.0807604550823014,-0.3153218194887306,1.6626613862184505,4,Strategic High Performers,EMP0533,47.0
1.465699130720695,-0.8295286176113522,-0.5465471623973132,-0.0038612186678773,-0.4622070913837065,-0.1569812636354617,-0.2722568083792253,-0.1038806617488181,0.2266964931969154,2,Low Consistent Performers,EMP0534,29.0
-1.423257518348353,-0.9370601050794904,-0.184140679840277,-1.6270746442138668,-1.8900581060807904,0.1162961881024454,-0.2927566329583027,-0.3526031466126982,-0.9046697861533848,1,Leadership-Oriented,EMP0535,26.0
0.0212208061861709,1.536164106687689,-0.002937438561759,-1.6976491409767358,-0.5811946759417967,0.5613480380756096,-0.2822085304493504,-0.3783869190617985,0.0091260548603192,1,Leadership-Oriented,EMP0536,34.0
0.743459968453433,0.0307232821337536,-0.7277504036758311,-0.2861592057193537,-0.2242319222675256,1.4202200292518916,-0.3263368275338613,-0.2564349476192427,-0.2519584711435962,2,Low Consistent Performers,EMP0537,43.0
-1.423257518348353,0.640068377786537,0.5406722852737951,1.1253307295380284,1.3027754128946332,-0.8518867837689986,2.7175890928809143,-0.198761390029587,-0.7306134354841078,0,Emerging Performers,EMP0538,55.0
-0.701018356081091,-1.4030298841080897,0.359469043995277,-0.2155847089564846,-0.9579886937090828,-0.3599873706407647,-0.2046966821482714,0.1919566550496294,-0.2519584711435962,1,Leadership-Oriented,EMP0539,46.0
-1.423257518348353,-0.9012162759234444,0.9030787678308312,-0.744893434678003,-1.1265544384997106,-2.046499644223281,4.973228425481567,-0.2062858867944347,-0.6435852601494694,1,Leadership-Oriented,EMP0540,44.0
0.0212208061861709,0.1382547696018919,0.9030787678308312,-1.768223637739605,-1.4141077678484288,-1.054892890774302,-0.108475077360725,-0.3804935333815754,0.6618373698701078,1,Leadership-Oriented,EMP0541,42.0
1.465699130720695,-0.3994026677387992,0.5406722852737951,0.6313092521979446,0.3112122082438806,0.0928724065249107,-0.1741280348963213,-0.1186725275887405,1.5321191232164928,4,Strategic High Performers,EMP0542,24.0
0.743459968453433,-0.9012162759234444,-0.5465471623973132,-0.4625954476265265,-0.8885792693835302,-1.3437861968972329,-0.1258484226695875,-0.159086770724027,-0.0779021204743192,1,Leadership-Oriented,EMP0543,29.0
0.0212208061861709,1.7512270816239657,-0.002937438561759,-0.8860424282037411,0.221971519825313,0.0147931345997942,-0.2307631875444662,-0.3433993189789687,0.0091260548603192,2,Low Consistent Performers,EMP0544,43.0
0.0212208061861709,0.7475998652546753,0.178265802716759,-0.744893434678003,-0.214316290221018,-1.4062496144373258,0.3432319006697009,-0.3193671023797862,0.1396683178622769,1,Leadership-Oriented,EMP0545,41.0
0.0212208061861709,1.3211011317514123,-0.002937438561759,-0.4978826960079611,0.3112122082438806,1.4358358836369145,-0.2936988381933071,-0.3187860526554346,0.0091260548603192,0,Emerging Performers,EMP0546,44.0
0.0212208061861709,-1.2238107383278591,-1.2713601275113853,-0.1097229638121809,-0.7695916848254399,0.6940828003483079,-0.343329215150409,0.049838728352336,-0.9046697861533848,1,Leadership-Oriented,EMP0547,41.0
-0.701018356081091,0.209942427913984,-0.5465471623973132,-0.9213296765851756,-0.6605197323138566,-0.3834111522182997,-0.2693522549207921,-0.3160031302914348,-0.6870993478167886,1,Leadership-Oriented,EMP0548,49.0
0.0212208061861709,-0.3277150094267071,-0.5465471623973132,-1.5917873958324322,-1.5231797203600117,0.7643541450809131,-0.3192137559572276,-0.3613686967400596,-0.3825007341455539,1,Leadership-Oriented,EMP0549,56.0
-1.423257518348353,-0.3994026677387992,0.178265802716759,0.7724582457236828,0.4301997928019708,0.5301163293055632,-0.2373882194424529,-0.103332814865858,-0.8176416108187463,0,Emerging Performers,EMP0550,50.0
0.743459968453433,1.7512270816239657,0.7218755265523131,-1.4153511539252597,-0.2242319222675256,0.0147931345997942,-0.2000532195820173,-0.3664088880632924,1.1404923342106197,4,Strategic High Performers,EMP0551,59.0
1.465699130720695,-0.0409643761783384,0.178265802716759,0.7371709973422483,0.5987655375925988,0.4676529117654696,-0.2278972617811045,-0.1623907088489556,1.0969782465433002,2,Low Consistent Performers,EMP0552,27.0
-0.701018356081091,-0.5786218135190296,-0.3653439211187951,1.0900434811565938,0.5987655375925988,0.6003876740381685,-0.2716657311593569,-0.0238950168366452,-0.6000711724821501,0,Emerging Performers,EMP0553,35.0
1.465699130720695,-1.008747763391583,-0.184140679840277,-1.203627663636652,-1.5727578805925493,-2.319777095961189,12.452453580946887,-0.2699020867154188,0.6618373698701078,4,Strategic High Performers,EMP0554,50.0
0.743459968453433,-0.9370601050794904,-1.2713601275113853,0.9841817360122902,0.3112122082438806,-0.28971602590816,-0.3062246254351309,0.1014523499846229,-0.7741275231514271,2,Low Consistent Performers,EMP0555,49.0
-0.701018356081091,-1.4030298841080897,0.5406722852737951,0.59602200381651,-0.2738100825000636,-1.1095483811218831,0.1921364429835328,0.4859678155715435,-0.1649302958089577,1,Leadership-Oriented,EMP0556,31.0
0.0212208061861709,0.5683807194744448,-0.9089536449543492,0.8077454941051174,0.9953908194528998,0.0538327705623524,-0.2728175329851004,-0.2138588792982687,-0.6435852601494694,2,Low Consistent Performers,EMP0557,25.0
-0.701018356081091,-0.4352464968948453,-1.2713601275113853,-0.2155847089564846,-0.4225445631976762,1.1625584318990063,-0.3463420498341941,-0.2062858867944347,-1.0352120491553425,0,Emerging Performers,EMP0558,45.0
1.465699130720695,-1.4747175424201815,0.178265802716759,-0.3567337024822228,-1.1166388064532031,-0.5942251864161142,-0.2023650711575566,0.245645649579718,1.0969782465433002,4,Strategic High Performers,EMP0559,23.0
0.743459968453433,1.6436955941558271,1.4466884916663851,-0.0038612186678773,0.9061501310343322,-0.2272526083680664,0.0315975191919791,-0.3026304742371223,1.836717736887728,4,Strategic High Performers,EMP0560,50.0
0.0212208061861709,-0.75784095929926,0.178265802716759,-0.2508719573379191,-0.6307728361743343,1.2328297766316116,-0.2899300172532893,-0.1583001187895203,0.1396683178622769,1,Leadership-Oriented,EMP0561,46.0
-1.423257518348353,-0.8295286176113522,-0.9089536449543492,-0.2508719573379191,-0.6704353643603643,-0.266292244330625,-0.2999192222690646,-0.1422299435560243,-1.0787261368226615,1,Leadership-Oriented,EMP0562,52.0
0.0212208061861709,1.7153832524679191,-1.6337666100684212,1.5840649584966775,2.2844229854988782,-0.1179416276729034,-0.312090684380594,-0.2345338426244513,-1.1657543121573002,0,Emerging Performers,EMP0563,36.0
0.0212208061861709,-1.187966909171813,1.0842820091093492,0.5607347554350756,-0.1845693940814957,0.1397199696799807,-0.163725445775396,0.1876956237377176,0.7923796328720655,4,Strategic High Performers,EMP0564,59.0
-1.423257518348353,-1.5105613715762276,0.5406722852737951,0.20786227162073,-0.6605197323138571,-0.2116367539830435,-0.1892695667097071,0.5882325670574265,-0.7306134354841078,1,Leadership-Oriented,EMP0565,54.0
0.0212208061861709,-1.3671860549520434,-0.002937438561759,-1.238914912018087,-1.8008174176622225,-1.1017404539293716,-0.2014735728375774,-0.1944861077768327,0.0091260548603192,1,Leadership-Oriented,EMP0566,29.0
0.0212208061861709,-1.152123080015767,0.7218755265523131,1.160617977919463,0.3409591043834032,0.0069852074072824,-0.1344328991751432,0.2948942009531829,0.5312951068681501,4,Strategic High Performers,EMP0567,37.0
1.465699130720695,0.9626628401909516,0.5406722852737951,-0.8860424282037411,-0.2143162902210183,-1.453097177592396,0.5569240479687102,-0.3321501963155215,1.5321191232164928,4,Strategic High Performers,EMP0568,59.0
-1.423257518348353,-0.7936847884553061,1.0842820091093492,0.525447507053641,0.0038276148021475,1.5529547915245894,-0.2533705410280405,-0.0341718687101034,-0.6000711724821501,0,Emerging Performers,EMP0569,55.0
-0.701018356081091,1.607851764999781,-1.452563368789903,-0.5684571927708302,0.4103685287089559,1.404604174866868,-0.353674021152293,-0.3273565360896208,-1.122240224489981,0,Emerging Performers,EMP0570,27.0
0.0212208061861709,-0.1484958636464767,-1.452563368789903,-0.4273081992450919,-0.4423758272906915,0.0850644793323989,-0.3455279129386759,-0.2559955941451831,-1.0352120491553425,1,Leadership-Oriented,EMP0571,44.0
0.0212208061861709,1.3569449609074584,0.9030787678308312,-1.1683404152552177,-0.2341475543140333,0.6940828003483079,-0.2355176649317823,-0.3522584339672401,0.6618373698701078,4,Strategic High Performers,EMP0572,42.0
1.465699130720695,1.3211011317514123,-0.002937438561759,1.442915964970939,1.9472914959176224,-0.4692983513359277,0.8181033391119438,-0.2229128481374191,0.879407808206704,2,Low Consistent Performers,EMP0573,56.0
0.0212208061861709,1.7153832524679191,-0.184140679840277,1.3017669714452011,2.0464478163826976,2.1463572581554744,-0.2970441961063566,-0.2469295700772856,-0.1214162081416385,0,Emerging Performers,EMP0574,50.0
0.0212208061861709,1.3569449609074584,1.4466884916663851,0.3137240167650336,1.0152220835459151,-0.3677952978332764,0.143785896523959,-0.2798687784210533,1.053464158875981,4,Strategic High Performers,EMP0575,56.0
1.465699130720695,-0.2560273511146149,-0.5465471623973132,1.0194689843937248,0.7177531221506893,1.3889883204818445,-0.3086370739191958,-0.1043787043696909,0.2266964931969154,2,Low Consistent Performers,EMP0576,23.0
0.0212208061861709,1.07019432765909,0.9030787678308312,-0.7096061862965684,-0.0060880172443605,1.053247451203844,-0.2462636780861865,-0.3245750295387895,0.6618373698701078,4,Strategic High Performers,EMP0577,54.0
0.0212208061861709,0.6042245486304909,1.0842820091093492,1.442915964970939,1.5506662140573215,1.9355432239576609,-0.2395648646912332,-0.1757452822782885,0.7923796328720655,0,Emerging Performers,EMP0578,47.0
0.0212208061861709,0.3533177445381684,-1.452563368789903,-1.0271914217294793,-0.6704353643603643,-1.5389843767100235,-0.2635482706731647,-0.3279590179759362,-1.0352120491553425,1,Leadership-Oriented,EMP0579,53.0
-1.423257518348353,0.8909751818788595,-0.002937438561759,0.8783199908679865,1.2333659885690802,0.8580492713910527,-0.2493597683107447,-0.2298854448296384,-0.8611556984860655,0,Emerging Performers,EMP0580,39.0
0.743459968453433,-0.3277150094267071,-1.6337666100684212,-0.0038612186678773,-0.1845693940814957,0.1241041152949577,-0.3565786401925514,-0.1970146318520332,-1.122240224489981,2,Low Consistent Performers,EMP0581,55.0
0.743459968453433,1.6436955941558271,0.359469043995277,-1.0271914217294793,0.0434901429881778,1.17817428628403,-0.2756579248410907,-0.3484914710374926,0.7923796328720655,4,Strategic High Performers,EMP0582,51.0
1.465699130720695,1.177725815127228,-0.3653439211187951,-0.6743189379151339,0.0831526711742078,0.7331224363108662,-0.2935990018770152,-0.3248455712093871,0.4442669315335116,2,Low Consistent Performers,EMP0583,44.0
-1.423257518348353,1.607851764999781,-1.6337666100684212,-0.0038612186678773,0.8863188669413169,-0.6879203127262542,-0.3283719908414709,-0.30179034821815,-1.2527824874919389,0,Emerging Performers,EMP0584,41.0
-1.423257518348353,0.7475998652546753,1.6278917329449032,-0.9213296765851756,-0.3630507709186308,0.6550431643857496,-0.1988383262313497,-0.3300196806595656,-0.4695289094801924,1,Leadership-Oriented,EMP0585,44.0
-0.701018356081091,1.3927887900635043,-0.184140679840277,-1.1683404152552177,-0.2143162902210183,0.9673602520862156,-0.2966372409601007,-0.3526031466126982,-0.5130429971475117,0,Emerging Performers,EMP0586,29.0
-0.701018356081091,-1.0445915925476286,0.359469043995277,-0.8507551798223066,-1.2951201832903383,-1.2344752162020696,-0.0888232605359461,-0.1950224613685419,-0.2519584711435962,1,Leadership-Oriented,EMP0587,35.0
0.743459968453433,-0.5427779843629835,-1.6337666100684212,-1.238914912018087,-1.3446983435228763,0.3739577854553302,-0.3605954098786231,-0.3151060710678744,-1.122240224489981,1,Leadership-Oriented,EMP0588,44.0
-1.423257518348353,0.0307232821337536,0.9030787678308312,0.9841817360122902,0.8466563387552869,1.2328297766316116,-0.228488317981157,-0.1502369364608256,-0.6435852601494694,0,Emerging Performers,EMP0589,35.0
0.0212208061861709,0.0307232821337536,-0.184140679840277,-0.0038612186678773,0.0137432468486548,-1.1251642355069065,0.0730464270732525,-0.2328353895840389,-0.1214162081416385,1,Leadership-Oriented,EMP0590,23.0
1.465699130720695,0.0307232821337536,1.6278917329449032,0.5607347554350756,0.4896935850810158,0.9205126889311456,-0.1811053126102753,-0.1856362735136313,2.83754175323607,4,Strategic High Performers,EMP0591,25.0
-0.701018356081091,-1.080435421703675,1.0842820091093492,-0.4625954476265265,-0.9877355898486052,0.3817657126478419,-0.2210633800766004,-0.1057068180253518,0.0961542301949577,1,Leadership-Oriented,EMP0592,45.0
0.0212208061861709,0.0307232821337536,0.5406722852737951,-0.0744357154307464,-0.0457505454303904,-0.7659995846513704,-0.0261125514520433,-0.2387352790928399,0.4007528438661923,4,Strategic High Performers,EMP0593,57.0
1.465699130720695,-0.3277150094267071,0.178265802716759,-1.5917873958324322,-1.5231797203600117,-0.3287556618707182,-0.2485309687737092,-0.3613686967400596,1.0969782465433002,4,Strategic High Performers,EMP0594,30.0
-1.423257518348353,0.3174739153821223,-0.002937438561759,0.9136072392494212,0.9458126592203622,2.0136224958827764,-0.2978445412273267,-0.1864229254481381,-0.8611556984860655,0,Emerging Performers,EMP0595,37.0
-0.701018356081091,-0.9370601050794904,1.6278917329449032,0.8783199908679865,0.221971519825313,-1.3359782697047209,6.397842740808296,0.0830446947171639,0.3572387561988731,4,Strategic High Performers,EMP0596,53.0
-0.701018356081091,0.5325368903183988,-0.7277504036758311,1.478203213352374,1.5407505820108138,-0.7659995846513707,2.480153373659793,-0.1671320745996647,-0.7741275231514271,0,Emerging Performers,EMP0597,53.0
0.743459968453433,-0.6144656426750758,-0.002937438561759,1.2664797230637663,0.7276687541971963,0.6550431643857496,-0.2462636780861865,0.0092336064388235,0.4442669315335116,2,Low Consistent Performers,EMP0598,48.0
-0.701018356081091,0.3174739153821223,1.6278917329449032,-1.2742021603995213,-0.8984949014300375,0.4051894942253766,-0.1988383262313497,-0.3449332902512569,0.3572387561988731,1,Leadership-Oriented,EMP0599,41.0
-1.423257518348353,-0.8295286176113522,1.4466884916663851,1.619352206878112,0.9061501310343322,-0.2819080987156482,0.1542524506773799,0.1481289044128224,-0.5130429971475117,0,Emerging Performers,EMP0600,25.0
0.743459968453433,1.3211011317514123,-0.002937438561759,-0.8860424282037411,-0.0160036492908674,1.3577566117117987,-0.2960181126179335,-0.3379606935590377,0.4442669315335116,2,Low Consistent Performers,EMP0601,57.0
1.465699130720695,-0.1484958636464767,-1.0901568862328672,1.5134904617338083,1.1937034603830503,-0.1023257732878805,-0.2635482706731647,-0.0764883176008137,-0.4260148218128731,2,Low Consistent Performers,EMP0602,46.0
0.0212208061861709,1.6436955941558271,0.178265802716759,-1.5565001474509976,-0.4027132991046608,1.1781742862840303,-0.2899300172532893,-0.3722126762790634,0.1396683178622769,1,Leadership-Oriented,EMP0603,36.0
0.743459968453433,0.5683807194744448,0.9030787678308312,0.7371709973422483,0.9358970271738544,-0.7738075118438822,0.5600210356107248,-0.2184378980215172,1.3145486848798964,4,Strategic High Performers,EMP0604,33.0
-1.423257518348353,0.0307232821337536,1.0842820091093492,1.0194689843937248,0.8764032348948099,0.6706590187707726,-0.170868047904727,-0.1472869917064251,-0.6000711724821501,0,Emerging Performers,EMP0605,28.0
-1.423257518348353,-1.5822490298883198,1.4466884916663851,-0.0038612186678773,-0.8786636373370226,-1.070508745159325,0.0971621552950842,0.7343250691801169,-0.5130429971475117,1,Leadership-Oriented,EMP0606,57.0
0.0212208061861709,0.0665671112897997,-0.5465471623973132,0.2784367683835991,0.2715496800578507,-0.3521794434482532,-0.2266138254609903,-0.2125197323131677,-0.3825007341455539,2,Low Consistent Performers,EMP0607,45.0
0.743459968453433,-1.7614681756685502,0.178265802716759,1.0900434811565938,-0.0556661774768981,-0.7816154390363936,-0.0208362021360184,5.90599964432335,0.6183232822027885,3,Reliable Core Talent,EMP0608,27.0
1.465699130720695,-0.0768082053343845,-0.9089536449543492,-0.8507551798223066,-0.7596760527789319,-0.7894233662289057,-0.2753506309853257,-0.2987576244017638,-0.2084443834762769,1,Leadership-Oriented,EMP0609,52.0
-1.423257518348353,0.0307232821337536,0.7218755265523131,0.7018837489608137,0.6086811696391065,0.2177992416050972,-0.1591320947349874,-0.1738364944960294,-0.6870993478167886,0,Emerging Performers,EMP0610,42.0
-1.423257518348353,1.607851764999781,-0.5465471623973132,1.1253307295380284,1.8382195434060395,-0.1725971180204852,-0.0920669179023548,-0.2506579724752084,-0.9916979614880232,0,Emerging Performers,EMP0611,32.0
0.0212208061861709,-1.008747763391583,1.265485250387867,0.1372877748578609,-0.4423758272906915,-1.5389843767100235,1.493881924587443,-0.0164633547721432,0.9229218958740232,4,Strategic High Performers,EMP0612,37.0
0.0212208061861709,1.3211011317514123,-1.6337666100684212,1.1959052263008976,1.739063222940965,1.4358358836369145,-0.3589716093672324,-0.2351148923488029,-1.1657543121573002,0,Emerging Performers,EMP0613,35.0
1.465699130720695,1.3211011317514123,0.178265802716759,0.9841817360122902,1.560581846103829,-0.4536824969509047,0.2336461841061065,-0.2455737873871319,1.0969782465433002,2,Low Consistent Performers,EMP0614,46.0
-0.701018356081091,-1.187966909171813,0.9030787678308312,0.0314260297135572,-0.6307728361743343,-0.7972312934214174,-0.0452992762375885,0.0598646843803637,0.0091260548603192,1,Leadership-Oriented,EMP0615,35.0
0.0212208061861709,-1.618092859044366,-1.8149698513469392,-0.2861592057193537,-1.1364700705462183,-0.2662922443306252,-0.3690752569936631,0.7160635064147807,-1.296296575159258,1,Leadership-Oriented,EMP0616,59.0
-1.423257518348353,-0.6144656426750758,0.359469043995277,1.478203213352374,0.9061501310343322,1.638841990642217,-0.2702580790519248,0.0363036877144985,-0.7741275231514271,0,Emerging Performers,EMP0617,39.0
-0.701018356081091,-0.5427779843629835,1.0842820091093492,0.1372877748578609,-0.1845693940814957,0.1553358240650036,-0.170868047904727,-0.1489258499033143,0.0961542301949577,1,Leadership-Oriented,EMP0618,35.0
0.743459968453433,-1.5105613715762276,-0.002937438561759,-1.4859256506881289,-2.0883707470109405,-2.226081969651049,0.278476704518486,-0.2298854448296384,0.4442669315335116,1,Leadership-Oriented,EMP0619,45.0
0.0212208061861709,1.4644764483755968,-1.2713601275113853,1.0900434811565938,1.729147590894457,-0.6410727495711842,0.1057961814485795,-0.2465590456153802,-0.9046697861533848,2,Low Consistent Performers,EMP0620,29.0
1.465699130720695,0.7834436944107213,-0.3653439211187951,1.3370542198266355,1.560581846103829,0.6160035284231914,-0.245195751313078,-0.196264156669896,0.4442669315335116,2,Low Consistent Performers,EMP0621,46.0
-1.423257518348353,0.8909751818788595,-0.002937438561759,-0.0391484670493118,0.4599466889414935,0.2334150959901201,-0.2333977031530223,-0.2823634094079206,-0.8611556984860655,0,Emerging Performers,EMP0622,55.0
-1.423257518348353,0.0307232821337536,0.9030787678308312,-1.450638402306694,-1.2058794948717708,-1.250091070587093,-0.0244105032855837,-0.3537831245144583,-0.6435852601494694,1,Leadership-Oriented,EMP0623,49.0
-1.423257518348353,-0.4710903260508914,-0.002937438561759,-0.1097229638121809,-0.3531351388721239,-0.4536824969509047,-0.1953418039050377,-0.1895177797694214,-0.8611556984860655,1,Leadership-Oriented,EMP0625,39.0
-0.701018356081091,0.3533177445381684,1.4466884916663851,0.9136072392494212,0.9656439233133768,0.8346254898135174,-0.1622764047688154,-0.1896501327696188,0.2702105808642346,0,Emerging Performers,EMP0626,55.0
0.743459968453433,0.0307232821337536,1.0842820091093492,1.0547562327751592,0.9061501310343322,-0.8284630021914636,0.8972485788523175,-0.1443370469520246,1.4886050355491736,4,Strategic High Performers,EMP0627,24.0
-1.423257518348353,1.7153832524679191,0.7218755265523131,0.5607347554350756,1.421762997452724,1.990198714305241,-0.2635482706731647,-0.2794683546409757,-0.6870993478167886,0,Emerging Performers,EMP0628,33.0
0.0212208061861709,-1.152123080015767,1.4466884916663851,0.3490112651464682,-0.3432195068256159,-0.2428684627530905,-0.0903463692123467,0.1092029416761845,1.053464158875981,4,Strategic High Performers,EMP0629,57.0
-0.701018356081091,-0.721997130143214,-0.002937438561759,1.0547562327751592,0.4896935850810162,0.1787596056425389,-0.2158909220122944,0.0175292765071755,-0.4260148218128731,0,Emerging Performers,EMP0630,26.0
0.0212208061861709,-0.3635588385827532,1.4466884916663851,-1.238914912018087,-1.245542023057801,-1.257898997779605,0.0513027376929123,-0.3234202785057511,1.053464158875981,4,Strategic High Performers,EMP0631,40.0
0.743459968453433,-1.152123080015767,1.265485250387867,-0.6743189379151339,-1.205879494871771,0.6472352371932374,-0.2330165864287508,-0.1249295156730742,1.6626613862184505,4,Strategic High Performers,EMP0632,33.0
0.743459968453433,-1.689780517356458,0.178265802716759,1.6899267036409813,0.4896935850810162,1.8574639520325429,-0.2891224127661426,3.4132963268549483,0.6183232822027885,3,Reliable Core Talent,EMP0633,48.0
-1.423257518348353,-0.1484958636464767,-1.8149698513469392,0.6665965005793792,0.4797779530345089,-0.7425758030738357,-0.3690752569936631,-0.1548187655474476,-1.296296575159258,0,Emerging Performers,EMP0634,38.0
-1.423257518348353,0.1382547696018919,-0.184140679840277,-0.7801806830594374,-0.5811946759417967,-1.211051434624535,-0.0776768743131959,-0.3024004504287192,-0.9046697861533848,1,Leadership-Oriented,EMP0635,49.0
-1.423257518348353,0.7834436944107213,-1.8149698513469392,1.0900434811565938,1.352353573127171,0.4910766933430054,-0.3690752569936631,-0.2109734702397833,-1.296296575159258,0,Emerging Performers,EMP0636,43.0
-0.701018356081091,0.3174739153821223,1.0842820091093492,1.3017669714452011,1.273028516755111,0.6862748731557962,-0.1499038238664741,-0.1583001187895203,0.0961542301949577,0,Emerging Performers,EMP0637,31.0
0.0212208061861709,1.141881985971182,0.5406722852737951,-0.2508719573379191,0.4202841607554635,-1.3984416872448142,5.804253442755493,-0.3019636130455922,0.4007528438661923,4,Strategic High Performers,EMP0638,27.0
1.465699130720695,0.0307232821337536,-1.6337666100684212,1.5840649584966775,1.352353573127171,1.5451468643320776,-0.3598841968947809,-0.1000878756360175,-1.0787261368226615,2,Low Consistent Performers,EMP0639,38.0
-0.701018356081091,1.106038156815136,0.178265802716759,-1.5565001474509976,-0.700182260499887,0.3271102223002601,-0.2652954062082723,-0.3701876953438074,-0.3389866464782347,1,Leadership-Oriented,EMP0640,33.0
1.465699130720695,-0.9012162759234444,0.9030787678308312,0.2784367683835991,-0.263894450453556,0.1709516784500272,-0.186432396054339,-0.0351890910392071,1.9672599998896847,4,Strategic High Performers,EMP0641,27.0
1.465699130720695,0.3891615736942144,-1.0901568862328672,1.231192474682332,1.2531972526620956,0.0772565521398871,-0.2827349954587099,-0.170505911708803,-0.4260148218128731,2,Low Consistent Performers,EMP0642,43.0
1.465699130720695,-0.4352464968948453,0.7218755265523131,0.0314260297135572,-0.2143162902210183,1.0063998880487732,-0.2524401668499544,-0.1787530690866969,1.749689561553089,4,Strategic High Performers,EMP0643,37.0
-1.423257518348353,-0.6503094718311218,0.9030787678308312,0.9841817360122902,0.4698623209880012,1.755960898529893,-0.2594895404300686,-0.0160591462682464,-0.6435852601494694,0,Emerging Performers,EMP0644,25.0
1.465699130720695,0.9626628401909516,-1.0901568862328672,0.6665965005793792,1.0945471399179751,0.5457321836905867,-0.3142823987118658,-0.2456184835197743,-0.4260148218128731,2,Low Consistent Performers,EMP0645,46.0
0.0212208061861709,0.0307232821337536,-0.5465471623973132,-0.0038612186678773,0.0137432468486548,-0.687920312726254,-0.1941226217781,-0.2328353895840389,-0.3825007341455539,1,Leadership-Oriented,EMP0646,54.0
-1.423257518348353,-0.6144656426750758,-0.002937438561759,1.231192474682332,0.697921858057674,0.2958785135302131,-0.2175205425972027,0.004721926226211,-0.8611556984860655,0,Emerging Performers,EMP0647,22.0
0.0212208061861709,-1.008747763391583,0.178265802716759,-1.3447766571623905,-1.6917454651506396,-1.1954355802395114,-0.1655589262327019,-0.2965798479726057,0.1396683178622769,1,Leadership-Oriented,EMP0648,36.0
0.743459968453433,-0.6861533009871679,-1.8149698513469392,-0.4625954476265265,-0.7695916848254396,0.1865675328350507,-0.3690752569936631,-0.2011234834742338,-1.296296575159258,1,Leadership-Oriented,EMP0649,38.0
0.0212208061861709,0.7117560360986291,-0.002937438561759,0.9841817360122902,1.2234503565225734,1.8028084616849624,-0.2894878650759688,-0.2126012614799117,0.0091260548603192,0,Emerging Performers,EMP0650,40.0
1.465699130720695,-0.4352464968948453,0.178265802716759,0.9488944876308556,0.5591030094065688,0.3505340038777949,-0.2169319805995465,-0.0764883176008137,1.0969782465433002,2,Low Consistent Performers,EMP0651,40.0
0.743459968453433,0.8909751818788595,1.0842820091093492,-0.7801806830594374,-0.1647381299884807,-0.1257495548654152,-0.147775945874948,-0.3247494577211484,1.4886050355491736,4,Strategic High Performers,EMP0652,41.0
1.465699130720695,0.675912206942583,0.359469043995277,1.6546394552595467,1.7688101190804872,0.2802626591451901,-0.0977201493123815,-0.1685265939381086,1.3145486848798964,2,Low Consistent Performers,EMP0653,22.0
-0.701018356081091,-1.6539366882004118,-1.8149698513469392,-0.2508719573379191,-1.1265544384997106,0.3973815670328649,-0.3690752569936631,0.9666121475551942,-1.296296575159258,1,Leadership-Oriented,EMP0654,44.0
1.465699130720695,-1.725624346512504,0.7218755265523131,-0.2155847089564846,-1.1364700705462183,-0.5395696960685327,-0.1634608197300116,1.9176743363739075,1.749689561553089,4,Strategic High Performers,EMP0655,37.0
0.743459968453433,-1.5464052007322735,-1.6337666100684212,-1.7329363893581704,-2.3164302840806137,-1.0002374004267205,-0.3558843837036008,-0.3449332902512569,-1.122240224489981,1,Leadership-Oriented,EMP0656,45.0
1.465699130720695,-0.4352464968948453,1.265485250387867,0.20786227162073,-0.0655818095234054,-0.6644965311487192,0.0414068338631907,-0.159086770724027,2.402400876562877,4,Strategic High Performers,EMP0657,41.0
0.743459968453433,0.0307232821337536,-0.5465471623973132,-1.062478670110914,-0.8786636373370226,-1.7029508477527686,0.0842111160648412,-0.3213337322160532,-0.0779021204743192,1,Leadership-Oriented,EMP0658,36.0
-0.701018356081091,1.106038156815136,1.4466884916663851,0.3137240167650336,0.8764032348948099,-0.1257495548654152,0.002563260048092,-0.271040771647128,0.2702105808642346,0,Emerging Performers,EMP0659,45.0
1.465699130720695,-0.0051205470222924,1.4466884916663851,1.2664797230637663,1.064800243778452,1.5217230827545425,-0.2117558847489937,-0.1216051197269386,2.6199713148994737,4,Strategic High Performers,EMP0660,58.0
0.743459968453433,-1.5822490298883198,1.0842820091093492,0.3490112651464682,-0.5811946759417967,0.2412230231826324,-0.1923789078058518,0.953463822364152,1.4886050355491736,4,Strategic High Performers,EMP0661,54.0
0.743459968453433,-0.75784095929926,-0.7277504036758311,-0.18029746057505,-0.571279043895289,0.9361285433161692,-0.3207832463046215,-0.1480736436409319,-0.2519584711435962,2,Low Consistent Performers,EMP0662,53.0
0.743459968453433,1.607851764999781,0.7218755265523131,1.442915964970939,2.1059416086617424,1.7325371169523571,-0.2352188783723598,-0.2362769917975061,1.1404923342106197,2,Low Consistent Performers,EMP0663,52.0
0.743459968453433,0.0307232821337536,-0.002937438561759,-0.4978826960079611,-0.4027132991046612,-1.6248715758276522,0.9260286660306352,-0.2741346161456455,0.4442669315335116,1,Leadership-Oriented,EMP0664,36.0
1.465699130720695,-1.7973120048245963,-1.452563368789903,-0.744893434678003,-1.622336040825087,-1.2735148521646278,-0.3259051262261865,4.218631244806278,-0.8611556984860655,3,Reliable Core Talent,EMP0665,22.0
-1.423257518348353,-1.2954983966399511,1.4466884916663851,1.4076287165895047,0.4698623209880012,-0.2116367539830435,0.0194559199136263,0.5473266664630733,-0.5130429971475117,0,Emerging Performers,EMP0666,33.0
0.0212208061861709,1.2494134734393203,0.5406722852737951,0.1020005264764263,0.7772469144297347,1.7325371169523571,-0.2726169960600826,-0.2869634456589686,0.4007528438661923,0,Emerging Performers,EMP0667,56.0
0.743459968453433,0.0665671112897997,1.4466884916663851,0.9841817360122902,0.8664876028483023,-0.961197764464162,1.9621118044500745,-0.154634023924932,1.836717736887728,4,Strategic High Performers,EMP0668,58.0
-1.423257518348353,0.0307232821337536,1.0842820091093492,-1.768223637739605,-1.473601560127474,-0.2194446811755552,-0.2026969427949211,-0.3803326273040627,-0.6000711724821501,1,Leadership-Oriented,EMP0669,51.0
1.465699130720695,-0.1126520344904306,-0.002937438561759,0.8430327424865519,0.6483436978251363,0.3739577854553307,-0.2307631875444662,-0.1435995607634245,0.879407808206704,2,Low Consistent Performers,EMP0670,47.0
-0.701018356081091,-0.6144656426750758,0.178265802716759,1.3017669714452011,0.7574156503367193,-1.0783166723518365,3.548614110154839,0.013745286651436,-0.3389866464782347,0,Emerging Performers,EMP0671,32.0
0.743459968453433,1.4286326192195506,0.7218755265523131,1.4076287165895047,1.9770383920571448,0.5847718196531444,-0.116611960606648,-0.2298854448296384,1.1404923342106197,2,Low Consistent Performers,EMP0672,53.0
-1.423257518348353,-1.080435421703675,-0.002937438561759,1.478203213352374,0.6483436978251363,0.2568388775676554,-0.2125242333313853,0.2960475628120462,-0.8611556984860655,0,Emerging Performers,EMP0673,23.0
0.0212208061861709,1.177725815127228,1.6278917329449032,-0.4625954476265265,0.261634048011343,0.3427260766852837,-0.1435113237335978,-0.3138886335501853,1.1840064218779387,4,Strategic High Performers,EMP0674,31.0
-0.701018356081091,0.2457862570700301,0.359469043995277,-1.4153511539252597,-1.057145014174158,-0.2662922443306252,-0.2277911926637396,-0.3541900134460998,-0.2519584711435962,1,Leadership-Oriented,EMP0675,43.0
-1.423257518348353,0.3174739153821223,0.9030787678308312,-0.6037444411522648,-0.3333038747791086,-0.3131398074856947,-0.1417431853989724,-0.2963575332954625,-0.6435852601494694,1,Leadership-Oriented,EMP0676,30.0
-1.423257518348353,0.6042245486304909,0.178265802716759,-1.6623618925953014,-1.0670606462206655,-1.0627008179668131,-0.1514258477076352,-0.3742592116332382,-0.8176416108187463,1,Leadership-Oriented,EMP0677,51.0
0.0212208061861709,0.2816300862260762,-1.0901568862328672,-1.6270746442138668,-1.2157951269182783,-0.3834111522182997,-0.3211890615204958,-0.3702828155136475,-0.7741275231514271,1,Leadership-Oriented,EMP0678,41.0
1.465699130720695,1.106038156815136,1.265485250387867,-0.5331699443893956,0.1624777275462677,-0.2819080987156482,-0.0772867827701164,-0.3159374918116621,2.402400876562877,4,Strategic High Performers,EMP0679,42.0
-0.701018356081091,-0.6144656426750758,-1.452563368789903,-0.4625954476265265,-0.7299291566394096,-0.3131398074856947,-0.3414128431038237,-0.2118387239791885,-1.122240224489981,1,Leadership-Oriented,EMP0680,39.0
0.743459968453433,0.7834436944107213,0.9030787678308312,0.8783199908679865,1.1738721962900358,-0.24286846275309,0.0583090376043553,-0.2235814532996867,1.3145486848798964,4,Strategic High Performers,EMP0681,41.0
0.0212208061861709,-0.3635588385827532,-1.8149698513469392,-1.450638402306694,-1.4240233998949363,0.3817657126478419,-0.3690752569936631,-0.3458686385880181,-1.296296575159258,1,Leadership-Oriented,EMP0682,37.0
0.743459968453433,-0.5069341552069375,1.6278917329449032,-0.18029746057505,-0.4324601952441838,-1.2891307065496511,0.5040754524001381,-0.1925726300983027,2.0107740875570044,4,Strategic High Performers,EMP0683,56.0
0.0212208061861709,-0.3635588385827532,-0.3653439211187951,1.0194689843937248,0.658259329871644,0.1162961881024454,-0.2349939096687946,-0.0839711042949027,-0.2519584711435962,2,Low Consistent Performers,EMP0684,50.0
-1.423257518348353,0.8192875235667674,-0.184140679840277,1.6546394552595467,1.8481351754525472,-0.1569812636354622,0.0194559199136263,-0.1801350251878574,-0.9046697861533848,0,Emerging Performers,EMP0685,51.0
-0.701018356081091,-0.4352464968948453,-1.0901568862328672,1.5487777101152431,1.0648002437784527,1.1625584318990068,-0.3277820884334681,-0.0096229031677363,-0.948183873820704,0,Emerging Performers,EMP0686,24.0
0.0212208061861709,0.0665671112897997,0.7218755265523131,-1.521212899069563,-1.245542023057801,-1.0392770363892785,-0.1100544723888034,-0.3601282887031689,0.5312951068681501,1,Leadership-Oriented,EMP0687,53.0
-1.423257518348353,0.9268190110349056,1.6278917329449032,1.4076287165895047,1.6994006947549345,2.224436530080592,-0.2273596968302713,-0.2019950580607612,-0.4695289094801924,0,Emerging Performers,EMP0688,35.0
0.0212208061861709,-0.5069341552069375,1.4466884916663851,-0.744893434678003,-0.9084105334765452,0.9751681792787272,-0.2355176649317823,-0.2589065229540107,1.053464158875981,4,Strategic High Performers,EMP0689,47.0
1.465699130720695,0.7117560360986291,-1.0901568862328672,1.3723414682080703,1.5506662140573215,1.3967962476743565,-0.3289452762802342,-0.1888355093740374,-0.4260148218128731,2,Low Consistent Performers,EMP0690,26.0
-0.701018356081091,0.675912206942583,-0.5465471623973132,-0.18029746057505,0.221971519825313,-1.250091070587093,0.2175306375526366,-0.282478745593807,-0.6870993478167886,1,Leadership-Oriented,EMP0691,49.0
1.465699130720695,-1.152123080015767,-0.3653439211187951,0.8430327424865519,0.0732370391277001,0.1475278968724924,-0.2584256014343056,0.2222324038447922,0.4442669315335116,2,Low Consistent Performers,EMP0692,29.0
0.743459968453433,-0.9370601050794904,0.7218755265523131,1.4076287165895047,0.6681749619181517,-0.3209477346782065,0.0002691951280811,0.1750829710544587,1.1404923342106197,4,Strategic High Performers,EMP0693,54.0
1.465699130720695,0.8192875235667674,-1.6337666100684212,-0.2155847089564846,0.2715496800578507,-0.9846215460416966,-0.3259051262261865,-0.2900005352301238,-1.0787261368226615,2,Low Consistent Performers,EMP0694,57.0
-1.423257518348353,1.2494134734393203,-0.002937438561759,-1.133053166873783,-0.263894450453556,-1.6248715758276522,0.8181033391119438,-0.3493925090660484,-0.8611556984860655,1,Leadership-Oriented,EMP0695,34.0
0.743459968453433,0.4608492320063066,-0.002937438561759,-1.0977659184923485,-0.6704353643603643,-0.1101337004803917,-0.2493597683107447,-0.3353459697994554,0.4442669315335116,1,Leadership-Oriented,EMP0696,41.0
0.743459968453433,0.4250054028502605,-1.0901568862328672,-1.133053166873783,-0.720013524592902,-0.9924294732342084,-0.2800368622857426,-0.3370199463862779,-0.6000711724821501,1,Leadership-Oriented,EMP0697,39.0
0.743459968453433,1.4286326192195506,0.5406722852737951,-1.238914912018087,-0.2539788184070483,0.7096986547333314,-0.2547543551464565,-0.3563116485896588,0.9664359835413424,4,Strategic High Performers,EMP0698,41.0
-0.701018356081091,1.2852573025953664,-0.7277504036758311,-0.2155847089564846,0.5293561132670461,-0.492722132913463,-0.2217013623046912,-0.3039392303883814,-0.7741275231514271,0,Emerging Performers,EMP0699,54.0
0.743459968453433,-1.187966909171813,1.265485250387867,-1.2742021603995213,-1.73140799333667,-0.9221581285016036,-0.1141442742509854,-0.2554516327011092,1.6626613862184505,4,Strategic High Performers,EMP0700,42.0
1.465699130720695,-0.0409643761783384,-0.7277504036758311,1.3723414682080703,1.134209668104005,0.5145004749205396,-0.2800368622857426,-0.1071677430465787,0.0091260548603192,2,Low Consistent Performers,EMP0701,45.0
0.743459968453433,-0.1843396928025228,1.6278917329449032,-0.2508719573379191,-0.3134726106860936,0.2334150959901201,-0.1542524634126485,-0.2365548851439352,2.0107740875570044,4,Strategic High Performers,EMP0702,49.0
-0.701018356081091,0.5325368903183988,-1.452563368789903,0.8783199908679865,1.03505334763893,-0.0476702829402987,-0.3259051262261865,-0.2066434558555741,-1.122240224489981,0,Emerging Performers,EMP0703,26.0
0.0212208061861709,-0.6861533009871679,1.4466884916663851,-0.2508719573379191,-0.5911103079883044,-0.9533898372716502,0.0808029478463562,-0.1723615221188292,1.053464158875981,4,Strategic High Performers,EMP0704,51.0
-0.701018356081091,0.8192875235667674,1.0842820091093492,1.442915964970939,1.669653798615412,-0.6566886039562074,2.887186035181715,-0.1925726300983027,0.0961542301949577,0,Emerging Performers,EMP0705,45.0
-0.701018356081091,-0.9012162759234444,-0.3653439211187951,0.1725750232392954,-0.3531351388721235,-0.0945178460953687,-0.2584256014343056,-0.0528887595656099,-0.6000711724821501,1,Leadership-Oriented,EMP0706,35.0
1.465699130720695,0.0665671112897997,1.0842820091093492,1.1959052263008976,1.0449689796854371,1.6310340634497058,-0.2357780111151388,-0.1372683114084612,2.1848304382262813,4,Strategic High Performers,EMP0707,57.0
0.0212208061861709,1.607851764999781,0.5406722852737951,-0.5331699443893956,0.4401154248484782,-1.4374813232073729,8.89091779263007,-0.3257586493476539,0.4007528438661923,4,Strategic High Performers,EMP0708,57.0
-1.423257518348353,1.5720079358437349,0.9030787678308312,0.5607347554350756,1.3424379410806633,1.9589670055351944,-0.2560106287931291,-0.2750972296970815,-0.6435852601494694,0,Emerging Performers,EMP0709,47.0
0.743459968453433,0.8192875235667674,-1.2713601275113853,1.5840649584966775,1.788641383173502,0.7487382906958897,-0.3231199564992525,-0.1842808934913392,-0.7741275231514271,2,Low Consistent Performers,EMP0710,34.0
0.743459968453433,1.6436955941558271,1.4466884916663851,0.4195857619093373,1.2631128847086033,1.2406377038241234,-0.1934378756520117,-0.2836535100438657,1.836717736887728,4,Strategic High Performers,EMP0711,42.0
1.465699130720695,-0.5427779843629835,1.4466884916663851,-0.3214464541007883,-0.571279043895289,-1.4530971775923955,0.6566470500415811,-0.2043192569581676,2.6199713148994737,4,Strategic High Performers,EMP0712,41.0
-1.423257518348353,-1.4388737132641356,-0.7277504036758311,-0.9566169249666102,-1.602504776732072,-1.7107587749452802,-0.1499038238664741,-0.0485979308319365,-1.0352120491553425,1,Leadership-Oriented,EMP0713,55.0
0.0212208061861709,1.6436955941558271,1.4466884916663851,0.9488944876308556,1.709316326801442,1.6622657722197522,-0.2067774236020105,-0.2599323048022948,1.053464158875981,0,Emerging Performers,EMP0714,35.0
-0.701018356081091,1.4644764483755968,0.7218755265523131,0.7724582457236828,1.4614255256387532,-0.2038288267905317,0.0645030128883846,-0.2615652863225479,-0.0779021204743192,0,Emerging Performers,EMP0715,42.0
0.743459968453433,-1.3313422257959973,1.0842820091093492,-0.1450102121936155,-0.8588323732440075,-0.328755661870718,-0.147775945874948,0.1316934979240197,1.4886050355491736,4,Strategic High Performers,EMP0716,40.0
0.0212208061861709,-1.1162792508597208,0.359469043995277,1.2664797230637663,0.4500310568949858,0.3427260766852837,-0.2031007736546268,0.2839949313869242,0.2702105808642346,2,Low Consistent Performers,EMP0717,33.0
1.465699130720695,-0.3994026677387992,0.9030787678308312,-0.0038612186678773,-0.2242319222675256,1.264061485401658,-0.2554092211963177,-0.1877012348417117,1.9672599998896847,4,Strategic High Performers,EMP0718,57.0
-0.701018356081091,-1.4030298841080897,0.5406722852737951,-0.0038612186678773,-0.7795073168719473,-0.2819080987156482,-0.1892695667097071,0.2686552186640418,-0.1649302958089577,1,Leadership-Oriented,EMP0719,51.0
1.465699130720695,-0.6503094718311218,-1.0901568862328672,-0.5331699443893956,-0.8092542130114699,0.1475278968724924,-0.3268644624654638,-0.2159402514451998,-0.4260148218128731,2,Low Consistent Performers,EMP0720,54.0
-0.701018356081091,-1.5822490298883198,0.5406722852737951,-0.6037444411522648,-1.3843608717089064,-0.19602089959802,-0.2243878655932923,0.3617891887672567,-0.1649302958089577,1,Leadership-Oriented,EMP0721,44.0
-0.701018356081091,1.2494134734393203,-1.2713601275113853,-0.2508719573379191,0.4797779530345085,0.7487382906958897,-0.3383281854398488,-0.3048003209181342,-1.0352120491553425,0,Emerging Performers,EMP0722,41.0
0.743459968453433,1.0343504985030438,1.265485250387867,-0.0038612186678773,0.5690186414530765,0.3895736398403537,-0.1528391555601419,-0.2854919034500874,1.6626613862184505,4,Strategic High Performers,EMP0723,49.0
1.465699130720695,-1.2238107383278591,1.0842820091093492,0.4195857619093373,-0.3233882427326012,-1.367209978474767,0.8305999559130552,0.1851891347307107,2.1848304382262813,4,Strategic High Performers,EMP0724,49.0
0.0212208061861709,1.5720079358437349,-0.9089536449543492,-0.0038612186678773,0.8664876028483023,-0.711344094303789,-0.159573151798556,-0.3009325353356204,-0.6435852601494694,2,Low Consistent Performers,EMP0725,40.0
0.0212208061861709,0.3891615736942144,-1.0901568862328672,-1.450638402306694,-1.0075668539416205,-0.4536824969509044,-0.3163117638334139,-0.3585410999247818,-0.7741275231514271,1,Leadership-Oriented,EMP0726,58.0
0.743459968453433,0.5683807194744448,-0.5465471623973132,1.160617977919463,1.2928597808481257,1.8028084616849616,-0.31241446036135,-0.1909637856820262,-0.0779021204743192,2,Low Consistent Performers,EMP0727,52.0
-1.423257518348353,0.209942427913984,-1.0901568862328672,0.6313092521979446,0.6483436978251363,-0.7269599486888122,-0.2014735728375774,-0.1975913127814648,-1.122240224489981,0,Emerging Performers,EMP0728,38.0
-0.701018356081091,1.2852573025953664,0.178265802716759,-1.2742021603995213,-0.3630507709186312,-0.6176489679936494,-0.173190788636238,-0.3568347915017692,-0.3389866464782347,1,Leadership-Oriented,EMP0729,49.0
-0.701018356081091,0.5683807194744448,-1.8149698513469392,-0.6390316895336993,-0.2242319222675256,0.6940828003483079,-0.3690752569936631,-0.3077287631248629,-1.296296575159258,0,Emerging Performers,EMP0730,25.0
0.0212208061861709,0.3174739153821223,0.9030787678308312,-0.815467931440872,-0.5117852516162438,0.5925797468456562,-0.2338270625006193,-0.311697246018345,0.6618373698701078,4,Strategic High Performers,EMP0731,27.0
0.0212208061861709,0.3174739153821223,-0.184140679840277,0.4195857619093373,0.5293561132670461,1.310909048556728,-0.2932082224496362,-0.2222155884681972,-0.1214162081416385,0,Emerging Performers,EMP0732,40.0
-1.423257518348353,-1.5105613715762276,0.7218755265523131,-0.6390316895336993,-1.374445239662399,-1.585831939865094,0.1423247536364444,0.179173561113894,-0.6870993478167886,1,Leadership-Oriented,EMP0733,44.0
1.465699130720695,-0.1484958636464767,-0.5465471623973132,1.442915964970939,1.134209668104005,0.0382169161773294,-0.2156552538046308,-0.0830158549296999,0.2266964931969154,2,Low Consistent Performers,EMP0734,27.0
0.0212208061861709,1.3927887900635043,-0.7277504036758311,1.5840649584966775,2.1059416086617424,1.4514517380219376,-0.3033238270555064,-0.2196589696810501,-0.5130429971475117,0,Emerging Performers,EMP0735,45.0
1.465699130720695,1.3569449609074584,-0.3653439211187951,0.5607347554350756,1.2234503565225734,-0.3834111522182997,-0.0977201493123815,-0.2678038358300221,0.4442669315335116,2,Low Consistent Performers,EMP0736,43.0
1.465699130720695,-1.152123080015767,1.265485250387867,0.4548730102907719,-0.2539788184070483,0.2256071687976089,-0.1655589262327019,0.1334235407123147,2.402400876562877,4,Strategic High Performers,EMP0737,42.0
0.743459968453433,-0.5069341552069375,1.265485250387867,-0.2508719573379191,-0.4919539875232291,-0.133557482057927,-0.1427346648389493,-0.2008643667052662,1.6626613862184505,4,Strategic High Performers,EMP0738,35.0
0.743459968453433,-0.0768082053343845,1.0842820091093492,1.2664797230637663,1.0251377155924228,-0.1647891908279735,0.0379574045282591,-0.1109244073868764,1.4886050355491736,4,Strategic High Performers,EMP0739,45.0
1.465699130720695,-1.5822490298883198,-0.9089536449543492,0.2784367683835991,-0.640688468220842,-0.1491733364429505,-0.3018764685348552,0.909636071727345,-0.2084443834762769,2,Low Consistent Performers,EMP0740,46.0
1.465699130720695,-1.259654567483905,1.6278917329449032,-1.0271914217294793,-1.5628422485460418,-1.6717191389827222,0.2911118647431134,-0.1723615221188292,2.83754175323607,4,Strategic High Performers,EMP0741,38.0
1.465699130720695,0.209942427913984,-0.002937438561759,-1.6623618925953014,-1.285204551243831,0.5535401108830978,-0.290367283771192,-0.3725178613757386,0.879407808206704,4,Strategic High Performers,EMP0742,56.0
-1.423257518348353,0.675912206942583,-0.7277504036758311,1.5840649584966775,1.7093163268014413,2.1541651853479866,-0.322871549469553,-0.1729093690017893,-1.0352120491553425,0,Emerging Performers,EMP0743,41.0
0.743459968453433,-0.3994026677387992,-0.5465471623973132,-1.062478670110914,-1.1166388064532031,-0.4380666425658812,-0.2775862642662585,-0.3027490802633302,-0.0779021204743192,1,Leadership-Oriented,EMP0744,49.0
-1.423257518348353,0.0307232821337536,-0.184140679840277,0.3842985135279028,0.3409591043834029,-1.1876276530469996,0.5467482314306622,-0.2003859972856337,-0.9046697861533848,0,Emerging Performers,EMP0745,23.0
0.743459968453433,0.0307232821337536,-0.002937438561759,-1.062478670110914,-0.8786636373370226,-1.890341100373048,1.055539058333065,-0.3213337322160532,0.4442669315335116,1,Leadership-Oriented,EMP0746,55.0
-0.701018356081091,-0.8653724467673982,-0.9089536449543492,1.6899267036409813,0.9458126592203622,-0.4146428609883462,-0.186432396054339,0.179173561113894,-0.8611556984860655,0,Emerging Performers,EMP0747,22.0
-0.701018356081091,0.8551313527228135,-0.7277504036758311,-0.2861592057193537,0.2318871518718206,-1.4921368135549542,3.904767688986521,-0.2953348857806037,-0.7741275231514271,1,Leadership-Oriented,EMP0748,24.0
0.0212208061861709,-1.2238107383278591,-0.002937438561759,-0.2508719573379191,-0.8885792693835302,0.6940828003483085,-0.2852744149156203,0.013745286651436,0.0091260548603192,1,Leadership-Oriented,EMP0749,43.0
0.743459968453433,-1.6539366882004118,0.9030787678308312,-0.0038612186678773,-0.9183261655230528,0.8190096354284944,-0.248345230271059,1.1813681256755486,1.3145486848798964,4,Strategic High Performers,EMP0750,25.0
0.743459968453433,-0.3994026677387992,1.6278917329449032,1.3017669714452011,0.8764032348948099,1.4826834467919845,-0.2050287600772519,-0.0458088921550488,2.0107740875570044,4,Strategic High Performers,EMP0751,36.0
1.465699130720695,-0.1484958636464767,-0.5465471623973132,-1.309489408780956,-1.1860482307787557,-1.023661182004255,-0.2361112542298351,-0.3375898107562601,0.2266964931969154,1,Leadership-Oriented,EMP0752,57.0
0.0212208061861709,-0.6861533009871679,-0.3653439211187951,-1.6976491409767358,-1.81073304970873,-1.905956954758072,-0.0610505401662624,-0.3689015913807608,-0.2519584711435962,1,Leadership-Oriented,EMP0753,33.0
-0.701018356081091,0.4250054028502605,0.359469043995277,-0.9566169249666102,-0.571279043895289,-0.602033113608626,-0.1655589262327019,-0.3248455712093871,-0.2519584711435962,1,Leadership-Oriented,EMP0754,58.0
-0.701018356081091,1.5720079358437349,-1.0901568862328672,-0.3214464541007883,0.5987655375925988,0.4910766933430049,-0.3215881131494388,-0.3154648947572985,-0.948183873820704,0,Emerging Performers,EMP0755,28.0
-1.423257518348353,-0.75784095929926,0.5406722852737951,0.9136072392494212,0.3508747364299105,0.8424334170060291,-0.2367896419990383,0.0104367211621869,-0.7306134354841078,0,Emerging Performers,EMP0756,52.0
-0.701018356081091,-1.187966909171813,-0.002937438561759,1.0547562327751592,0.2318871518718206,1.7325371169523571,-0.2974865979320185,0.307004500471248,-0.4260148218128731,0,Emerging Performers,EMP0757,26.0
-1.423257518348353,-1.725624346512504,1.265485250387867,0.8077454941051174,-0.2738100825000636,0.4910766933430054,-0.1883406050492274,3.400513232919213,-0.5565570848148309,3,Reliable Core Talent,EMP0758,48.0
-1.423257518348353,-0.0768082053343845,-1.6337666100684212,-0.744893434678003,-0.6704353643603643,-0.2116367539830435,-0.3561242177634201,-0.2893659635510194,-1.2527824874919389,1,Leadership-Oriented,EMP0759,46.0
-1.423257518348353,0.7475998652546753,-1.452563368789903,-0.0038612186678773,0.4103685287089559,0.4208053486104002,-0.3449292516491423,-0.2746262736047123,-1.2092683998246194,0,Emerging Performers,EMP0760,38.0
0.0212208061861709,0.1382547696018919,0.9030787678308312,0.9488944876308556,0.8764032348948099,1.9745828599202184,-0.2616922684011962,-0.1657375552612208,0.6618373698701078,0,Emerging Performers,EMP0761,49.0
0.743459968453433,-0.75784095929926,-0.184140679840277,-0.0038612186678773,-0.4225445631976762,0.7487382906958892,-0.2889407017565347,-0.1225074557694611,0.2702105808642346,2,Low Consistent Performers,EMP0762,48.0
1.465699130720695,0.0307232821337536,0.359469043995277,0.4548730102907719,0.4004528966624482,1.404604174866868,-0.2730338424772545,-0.1944861077768327,1.3145486848798964,4,Strategic High Performers,EMP0763,41.0
1.465699130720695,-1.259654567483905,0.9030787678308312,1.1253307295380284,0.2517184159648353,1.2015980678615652,-0.238775167177194,0.4124650254410649,1.9672599998896847,4,Strategic High Performers,EMP0764,50.0
-1.423257518348353,-1.1162792508597208,0.7218755265523131,-1.7329363893581704,-2.078455114964433,-2.155810624918444,0.3432319006697009,-0.3679428593355807,-0.6870993478167886,1,Leadership-Oriented,EMP0765,48.0
0.743459968453433,-1.0445915925476286,-1.8149698513469392,0.2784367683835991,-0.3432195068256162,1.1703663590915183,-0.3690752569936631,0.0281006327824757,-1.296296575159258,2,Low Consistent Performers,EMP0766,38.0
0.0212208061861709,0.8192875235667674,-0.7277504036758311,1.4076287165895047,1.6399069024758897,1.2796773397866816,-0.3043200608424481,-0.1946455642500436,-0.5130429971475117,0,Emerging Performers,EMP0767,59.0
-0.701018356081091,-1.0445915925476286,-0.002937438561759,1.2664797230637663,0.4896935850810158,1.529531009947054,-0.2890407448966559,0.2233333401646163,-0.4260148218128731,0,Emerging Performers,EMP0768,37.0
-0.701018356081091,-0.4710903260508914,0.7218755265523131,-1.3800639055438249,-1.4240233998949363,-0.1101337004803917,-0.2266138254609903,-0.3348413739862027,-0.0779021204743192,1,Leadership-Oriented,EMP0769,30.0
1.465699130720695,-0.5069341552069375,-0.002937438561759,0.0314260297135572,-0.2539788184070483,0.600387674038168,-0.271498934026079,-0.1676974202774122,0.879407808206704,4,Strategic High Performers,EMP0770,53.0
-1.423257518348353,1.2135696442832742,-1.452563368789903,1.5487777101152431,1.9770383920571448,0.1631437512575154,-0.3132080289416346,-0.2118387239791885,-1.2092683998246194,0,Emerging Performers,EMP0771,22.0
0.743459968453433,0.7475998652546753,-0.002937438561759,0.7724582457236828,1.0648002437784527,0.0772565521398877,-0.1765598089765376,-0.2277549291736825,0.4442669315335116,2,Low Consistent Performers,EMP0772,30.0
0.0212208061861709,-1.725624346512504,-0.002937438561759,1.5134904617338083,0.3211278402903879,0.3973815670328655,-0.2371665240930401,4.423160747778044,0.0091260548603192,3,Reliable Core Talent,EMP0773,28.0
-0.701018356081091,1.4644764483755968,0.7218755265523131,0.1725750232392954,0.95572829126687,-0.2350605355605782,-0.0421145944596599,-0.289910407658309,-0.0779021204743192,0,Emerging Performers,EMP0774,58.0
0.743459968453433,-0.291871180270661,-0.002937438561759,0.8783199908679865,0.5789342734995842,-0.6957282399187656,0.0266509417082058,-0.112162068119145,0.4442669315335116,2,Low Consistent Performers,EMP0776,58.0
0.0212208061861709,0.2816300862260762,-0.002937438561759,-1.0977659184923485,-0.7695916848254396,-1.039277036389278,-0.1392987545216102,-0.3312835458792005,0.0091260548603192,1,Leadership-Oriented,EMP0777,25.0
0.743459968453433,0.640068377786537,-0.5465471623973132,1.3370542198266355,1.4812567897317686,1.3031011213642163,-0.2968122120133218,-0.1854225094009936,-0.0779021204743192,2,Low Consistent Performers,EMP0778,58.0
0.743459968453433,1.5720079358437349,-0.3653439211187951,0.1372877748578609,0.9854751874063922,-0.2116367539830435,-0.1852540550160207,-0.2944737089259857,0.0961542301949577,2,Low Consistent Performers,EMP0779,31.0
1.465699130720695,1.177725815127228,-0.3653439211187951,0.9841817360122902,1.4812567897317686,0.7955858538509591,-0.2635482706731647,-0.2390162262123066,0.4442669315335116,2,Low Consistent Performers,EMP0780,31.0
-0.701018356081091,-1.5464052007322735,-0.002937438561759,0.1372877748578609,-0.7398447886859173,-1.3906337600523029,0.1057961814485795,0.6713226776397065,-0.4260148218128731,1,Leadership-Oriented,EMP0781,56.0
-1.423257518348353,1.2494134734393203,1.0842820091093492,-1.0977659184923485,-0.2341475543140333,-0.8596947109615104,0.010821893760131,-0.3476088215401318,-0.6000711724821501,1,Leadership-Oriented,EMP0782,29.0
-1.423257518348353,0.209942427913984,1.4466884916663851,-0.0038612186678773,0.1128995673137301,-0.2741001715231365,-0.0524942980321679,-0.2460325108537252,-0.5130429971475117,0,Emerging Performers,EMP0783,44.0
0.0212208061861709,-0.3994026677387992,0.7218755265523131,-0.0038612186678773,-0.2242319222675256,-1.3281703425122091,0.5374974891233457,-0.1877012348417117,0.5312951068681501,4,Strategic High Performers,EMP0784,28.0
-0.701018356081091,-0.9012162759234444,-1.452563368789903,-0.8860424282037411,-1.245542023057801,-0.5942251864161144,-0.3408650725317477,-0.2298854448296384,-1.122240224489981,1,Leadership-Oriented,EMP0785,23.0
1.465699130720695,0.0307232821337536,0.178265802716759,0.59602200381651,0.5194404812205389,0.2958785135302137,-0.2169319805995465,-0.1826863287592308,1.0969782465433002,4,Strategic High Performers,EMP0786,59.0
-1.423257518348353,0.9626628401909516,0.9030787678308312,-0.4625954476265265,0.1426464634532527,-1.0627008179668134,0.278476704518486,-0.3085506382803178,-0.6435852601494694,1,Leadership-Oriented,EMP0787,41.0
-0.701018356081091,-1.3671860549520434,-1.2713601275113853,0.6665965005793792,-0.1944850261280033,-1.0861245995443485,-0.2355176649317823,0.4427019591736699,-1.0352120491553425,1,Leadership-Oriented,EMP0788,52.0
-0.701018356081091,0.8551313527228135,-0.5465471623973132,-0.5331699443893956,0.0236588788951625,-0.3834111522183,-0.2444215044025744,-0.3096519509886273,-0.6870993478167886,1,Leadership-Oriented,EMP0789,51.0
1.465699130720695,0.0307232821337536,-0.002937438561759,0.6665965005793792,0.5789342734995842,-0.8753105653465337,0.1788533258243093,-0.1767864392504299,0.879407808206704,2,Low Consistent Performers,EMP0790,46.0
0.0212208061861709,0.9268190110349056,-1.0901568862328672,-0.5684571927708302,0.0335745109416701,0.6003876740381685,-0.3292259055159924,-0.3135566051362701,-0.7741275231514271,2,Low Consistent Performers,EMP0791,31.0
-0.701018356081091,-1.152123080015767,-0.7277504036758311,0.1372877748578609,-0.5217008836627515,-0.28971602590816,-0.2790996160256592,0.0607617436039241,-0.7741275231514271,1,Leadership-Oriented,EMP0792,38.0
0.743459968453433,0.4250054028502605,-0.184140679840277,-1.1683404152552177,-0.7497604207324247,0.569155965268122,-0.2913690216122052,-0.3394548214216561,0.2702105808642346,1,Leadership-Oriented,EMP0793,30.0
-1.423257518348353,-1.3313422257959973,1.4466884916663851,-0.9919041733480448,-1.5727578805925493,-1.156395944276953,-0.0225474505628373,-0.1312730058968226,-0.5130429971475117,1,Leadership-Oriented,EMP0794,53.0
0.0212208061861709,0.9626628401909516,0.359469043995277,-1.133053166873783,-0.4225445631976762,-0.1101337004803917,-0.2177887810297628,-0.3459166051693905,0.2702105808642346,1,Leadership-Oriented,EMP0795,45.0
1.465699130720695,-1.5822490298883198,1.4466884916663851,1.3723414682080703,0.281465312104358,1.2874852669791934,-0.2155240134255127,1.5889662065978545,2.6199713148994737,4,Strategic High Performers,EMP0796,37.0
0.743459968453433,0.3533177445381684,1.4466884916663851,-1.6270746442138668,-1.1761325987322484,-1.2422831433945811,0.0379574045282591,-0.3707090370397071,1.836717736887728,4,Strategic High Performers,EMP0797,33.0
-0.701018356081091,0.4250054028502605,-0.9089536449543492,-0.0038612186678773,0.2318871518718203,-0.6332648223786728,-0.2395648646912332,-0.2591039452541765,-0.8611556984860655,0,Emerging Performers,EMP0798,56.0
0.0212208061861709,0.9985066693469976,-1.6337666100684212,1.2664797230637663,1.6200756383828745,1.7559608985298918,-0.3603885843392318,-0.2143515585279853,-1.1657543121573002,0,Emerging Performers,EMP0799,38.0
-0.701018356081091,-0.75784095929926,1.4466884916663851,0.1725750232392954,-0.2738100825000633,-0.2975239531006717,-0.0776768743131959,-0.0969412678979903,0.2702105808642346,4,Strategic High Performers,EMP0800,50.0
0.0212208061861709,1.07019432765909,-0.002937438561759,1.1959052263008976,1.600244374289859,2.286899947620684,-0.2974865979320185,-0.2223102780529063,0.0091260548603192,0,Emerging Performers,EMP0801,57.0
1.465699130720695,1.106038156815136,1.265485250387867,0.8077454941051174,1.2928597808481257,0.3895736398403537,-0.0938656733509997,-0.2448510182178165,2.402400876562877,4,Strategic High Performers,EMP0802,56.0
1.465699130720695,-0.6861533009871679,-0.184140679840277,1.1959052263008976,0.6285124337321214,-0.890926419731557,0.2720011849033645,0.0241785471431024,0.6618373698701078,2,Low Consistent Performers,EMP0803,25.0
0.0212208061861709,-1.152123080015767,-0.002937438561759,1.619352206878112,0.7276687541971963,-1.039277036389278,2.480153373659793,0.3998501301097472,0.0091260548603192,2,Low Consistent Performers,EMP0804,28.0
-1.423257518348353,0.2457862570700301,-1.2713601275113853,1.6546394552595467,1.530834949964306,1.2796773397866816,-0.3369410995050903,-0.1240943226028628,-1.1657543121573002,0,Emerging Performers,EMP0805,40.0
-0.701018356081091,1.3927887900635043,0.359469043995277,-0.6743189379151339,0.2021402557322976,1.2484456310166343,-0.2746256891266977,-0.3287413712659922,-0.2519584711435962,0,Emerging Performers,EMP0806,41.0
0.0212208061861709,1.07019432765909,0.5406722852737951,1.0900434811565938,1.5110036858712907,0.3817657126478419,-0.1375754307530698,-0.2279916531354554,0.4007528438661923,0,Emerging Performers,EMP0807,43.0
0.743459968453433,1.4644764483755968,-0.002937438561759,1.231192474682332,1.8481351754525472,2.0448542046528235,-0.288588572511927,-0.2398896053010835,0.4442669315335116,2,Low Consistent Performers,EMP0808,42.0
-1.423257518348353,1.2135696442832742,1.265485250387867,-1.3447766571623905,-0.4622070913837065,0.3973815670328649,-0.2054371261791065,-0.3598218349528782,-0.5565570848148309,1,Leadership-Oriented,EMP0809,26.0
0.0212208061861709,-0.5069341552069375,-1.0901568862328672,-1.768223637739605,-1.7710705215226998,-2.101155134570863,-0.1316395377725417,-0.3791367037549814,-0.7741275231514271,1,Leadership-Oriented,EMP0810,53.0
-1.423257518348353,-0.721997130143214,-0.7277504036758311,0.7018837489608137,0.1922246236857903,0.2568388775676554,-0.2899300172532893,-0.0319536677601872,-1.0352120491553425,0,Emerging Performers,EMP0811,22.0
-1.423257518348353,0.7117560360986291,-1.6337666100684212,-0.6037444411522648,-0.115159969755943,-1.632679503020164,-0.012921678161981,-0.3098247928221246,-1.2527824874919389,1,Leadership-Oriented,EMP0812,41.0
1.465699130720695,-0.8295286176113522,-0.7277504036758311,1.442915964970939,0.7574156503367193,-1.0470849635817898,1.3404619213984106,0.1207365602648179,0.0091260548603192,2,Low Consistent Performers,EMP0813,49.0
-1.423257518348353,-0.3635588385827532,-0.002937438561759,0.9841817360122902,0.6285124337321214,0.912704761738634,-0.2650888106194494,-0.0877124976419472,-0.8611556984860655,0,Emerging Performers,EMP0814,58.0
1.465699130720695,-0.3994026677387992,1.4466884916663851,1.2664797230637663,0.8466563387552869,1.6544578450272411,-0.2241992249265382,-0.0496438203357694,2.6199713148994737,4,Strategic High Performers,EMP0815,41.0
0.743459968453433,0.8909751818788595,1.0842820091093492,-1.6270746442138668,-0.8786636373370226,-1.250091070587093,0.0453579983741123,-0.3731906557934089,1.4886050355491736,4,Strategic High Performers,EMP0816,39.0
-1.423257518348353,0.675912206942583,1.4466884916663851,-1.062478670110914,-0.5217008836627515,-1.6092557214426286,0.9805593575263952,-0.3372634338898158,-0.5130429971475117,1,Leadership-Oriented,EMP0817,26.0
0.743459968453433,0.4966930611623527,-1.452563368789903,-0.8507551798223066,-0.4423758272906915,0.6940828003483074,-0.3515953267442554,-0.3195637653634129,-0.948183873820704,2,Low Consistent Performers,EMP0818,52.0
-0.701018356081091,-0.2201835219585688,-0.002937438561759,-1.0977659184923485,-1.0472293821276504,0.8033937810434709,-0.2928926732863515,-0.3151060710678744,-0.4260148218128731,1,Leadership-Oriented,EMP0819,23.0
-1.423257518348353,-1.4747175424201815,-0.3653439211187951,-0.815467931440872,-1.5033484562669963,-2.1401947705334208,1.055539058333065,0.0462293841822459,-0.948183873820704,1,Leadership-Oriented,EMP0820,30.0
-1.423257518348353,0.8909751818788595,0.7218755265523131,-1.521212899069563,-0.789422948918455,-0.625456895186161,-0.1522861220526392,-0.3671355060343764,-0.6870993478167886,1,Leadership-Oriented,EMP0821,23.0
0.0212208061861709,1.141881985971182,-0.5465471623973132,-0.0038612186678773,0.6285124337321217,-0.961197764464162,0.0464372516432992,-0.2890265059299082,-0.3825007341455539,2,Low Consistent Performers,EMP0822,39.0
-0.701018356081091,0.6042245486304909,-0.002937438561759,1.6899267036409813,1.7588944870339795,1.8106163888774736,-0.2805898957932452,-0.1599544015341448,-0.4260148218128731,0,Emerging Performers,EMP0823,56.0
-1.423257518348353,-1.5464052007322735,-0.002937438561759,1.442915964970939,0.3607903684764179,1.0298236696263092,-0.2728175329851004,1.3807843910730209,-0.8611556984860655,0,Emerging Performers,EMP0824,46.0
-0.701018356081091,-1.5822490298883198,0.9030787678308312,-0.0744357154307464,-0.938157429616068,-0.5395696960685327,-0.1342487215002464,0.6904973185433096,0.0091260548603192,1,Leadership-Oriented,EMP0825,37.0
0.0212208061861709,-1.5105613715762276,1.265485250387867,0.7371709973422483,-0.2143162902210183,-1.257898997779605,0.7841839506517835,0.8438944457721343,0.9229218958740232,4,Strategic High Performers,EMP0826,41.0
1.465699130720695,1.0343504985030438,-1.0901568862328672,-1.133053166873783,-0.3828820350116462,-0.4692983513359277,-0.3050476473160574,-0.3468507543416173,-0.4260148218128731,2,Low Consistent Performers,EMP0827,25.0
-1.423257518348353,-0.9729039342355364,-0.184140679840277,-0.2861592057193537,-0.7795073168719473,-0.0320544285552757,-0.2631122087462205,-0.1084460524401522,-0.9046697861533848,1,Leadership-Oriented,EMP0828,53.0
0.0212208061861709,0.0665671112897997,-1.452563368789903,-1.6623618925953014,-1.3645296076158917,-1.6639112117902104,-0.299581875758213,-0.371705430380816,-1.0352120491553425,1,Leadership-Oriented,EMP0829,41.0
0.743459968453433,-0.8653724467673982,-0.002937438561759,0.3490112651464682,-0.1845693940814957,-0.19602089959802,-0.2125242333313853,-0.0367186920229703,0.4442669315335116,2,Low Consistent Performers,EMP0830,36.0
-1.423257518348353,0.8551313527228135,-0.5465471623973132,-1.0271914217294793,-0.3927976670581539,0.3036864407227254,-0.2968122120133218,-0.3382860814046746,-0.9916979614880232,1,Leadership-Oriented,EMP0831,39.0
1.465699130720695,0.8551313527228135,1.6278917329449032,-0.3567337024822228,0.1723933595927754,1.3967962476743565,-0.2258600612729867,-0.299425475840039,2.83754175323607,4,Strategic High Performers,EMP0832,41.0
-0.701018356081091,-0.8295286176113522,-1.452563368789903,0.525447507053641,-0.0160036492908674,0.4832687661504937,-0.3469882133451867,-0.0217036293048049,-1.122240224489981,0,Emerging Performers,EMP0833,24.0
-1.423257518348353,1.536164106687689,1.265485250387867,-1.450638402306694,-0.3729664029651385,0.8424334170060297,-0.2306841520762095,-0.3669637287362478,-0.5565570848148309,1,Leadership-Oriented,EMP0834,41.0
0.0212208061861709,1.3211011317514123,0.359469043995277,-1.3800639055438249,-0.4324601952441838,1.0766712327813786,-0.2795706926799419,-0.3623647819818053,0.2702105808642346,1,Leadership-Oriented,EMP0835,50.0
0.743459968453433,-0.3635588385827532,1.265485250387867,0.8077454941051174,0.4797779530345085,0.9751681792787268,-0.2031955079487701,-0.1064194643771698,1.6626613862184505,4,Strategic High Performers,EMP0836,29.0
1.465699130720695,1.3927887900635043,-0.7277504036758311,-1.5917873958324322,-0.571279043895289,-1.9215728091430944,1.767846215996429,-0.3730560969098748,0.0091260548603192,1,Leadership-Oriented,EMP0837,22.0
-1.423257518348353,-1.152123080015767,1.265485250387867,-0.6390316895336993,-1.1761325987322484,-0.5083379872984859,-0.1339447389300283,-0.1168559826610307,-0.5565570848148309,1,Leadership-Oriented,EMP0838,42.0
0.0212208061861709,-1.2954983966399511,-0.002937438561759,-0.2508719573379191,-0.9282417975695602,0.3193022951077484,-0.2721627185360625,0.0666823344794226,0.0091260548603192,1,Leadership-Oriented,EMP0839,23.0
-1.423257518348353,-1.4030298841080897,-0.3653439211187951,-0.3567337024822228,-1.076976278267173,0.6550431643857496,-0.3031971383658375,0.1408242793066878,-0.948183873820704,1,Leadership-Oriented,EMP0840,55.0
-1.423257518348353,1.4286326192195506,-1.2713601275113853,0.0667132780949918,0.8466563387552869,0.006985207407283,-0.3156522201689108,-0.2939413880680487,-1.1657543121573002,0,Emerging Performers,EMP0841,42.0
-0.701018356081091,-0.75784095929926,0.7218755265523131,1.2664797230637663,0.6483436978251363,0.4676529117654702,-0.1809186493090009,0.0615690969051284,-0.0779021204743192,0,Emerging Performers,EMP0842,54.0
-1.423257518348353,-1.5105613715762276,-0.002937438561759,-1.0271914217294793,-1.7016610971971473,-0.2741001715231367,-0.2627607558498774,-0.0083118166102249,-0.8611556984860655,1,Leadership-Oriented,EMP0843,28.0
-0.701018356081091,0.0307232821337536,-0.3653439211187951,-1.6623618925953014,-1.3843608717089064,-2.249505751228584,2.480153373659793,-0.3714827930408612,-0.6000711724821501,1,Leadership-Oriented,EMP0844,36.0
1.465699130720695,-0.721997130143214,0.5406722852737951,0.3842985135279028,-0.0754974415699131,-1.5389843767100235,8.89091779263007,-0.0764883176008137,1.5321191232164928,4,Strategic High Performers,EMP0845,30.0
1.465699130720695,-0.9729039342355364,0.5406722852737951,0.6665965005793792,0.0236588788951625,1.482683446791984,-0.2721119789871318,0.0641257156922755,1.5321191232164928,4,Strategic High Performers,EMP0846,51.0
-1.423257518348353,1.2494134734393203,0.5406722852737951,1.619352206878112,2.0563634484292046,-0.3912190794108112,1.055539058333065,-0.2102648820445562,-0.7306134354841078,0,Emerging Performers,EMP0847,38.0
-0.701018356081091,0.3891615736942144,-0.002937438561759,1.619352206878112,1.5804131101968435,1.279677339786682,-0.2611499300749716,-0.1432902923617535,-0.4260148218128731,0,Emerging Performers,EMP0848,59.0
-0.701018356081091,1.07019432765909,-0.7277504036758311,-0.0038612186678773,0.5888499055460911,-1.1485880170844414,0.2884390423879037,-0.2866991956551291,-0.7741275231514271,0,Emerging Performers,EMP0849,42.0
1.465699130720695,1.7153832524679191,0.5406722852737951,-1.4153511539252597,-0.2440631863605406,-0.1960208995980205,-0.1926944370008301,-0.3662384468108159,1.5321191232164928,4,Strategic High Performers,EMP0851,58.0
1.465699130720695,1.4286326192195506,-0.002937438561759,-1.3800639055438249,-0.3729664029651385,-0.071094064517834,-0.2462636780861865,-0.3630543794568599,0.879407808206704,4,Strategic High Performers,EMP0852,38.0
0.743459968453433,-0.9370601050794904,-0.5465471623973132,0.4548730102907719,-0.134991233848958,0.6628510915782614,-0.299823172220836,0.009414073647328,-0.0779021204743192,2,Low Consistent Performers,EMP0853,38.0
1.465699130720695,1.6795394233118732,-0.9089536449543492,0.8783199908679865,1.669653798615412,0.4364212029954237,-0.2811361017265811,-0.2643215346157012,-0.2084443834762769,2,Low Consistent Performers,EMP0854,32.0
0.0212208061861709,-0.291871180270661,1.265485250387867,-1.6976491409767358,-1.5925891446855645,-1.6639112117902104,0.1462107719543024,-0.3725804469029637,0.9229218958740232,1,Leadership-Oriented,EMP0855,31.0
-1.423257518348353,1.3211011317514123,-0.7277504036758311,-0.5331699443893956,0.2814653121043583,0.9048968345461228,-0.3142823987118658,-0.3205292018284894,-1.0352120491553425,0,Emerging Performers,EMP0856,22.0
-1.423257518348353,-0.3277150094267071,0.359469043995277,-0.0038612186678773,-0.1845693940814957,0.0772565521398877,-0.2150628985799627,-0.1970146318520332,-0.7741275231514271,0,Emerging Performers,EMP0857,41.0
1.465699130720695,-1.2954983966399511,1.6278917329449032,-0.0391484670493118,-0.7497604207324247,-0.2741001715231367,-0.1062823250401889,0.1280411853709525,2.83754175323607,4,Strategic High Performers,EMP0858,46.0
-0.701018356081091,-0.75784095929926,0.178265802716759,0.5607347554350756,0.0534057750346848,-0.5942251864161142,-0.0988897833972146,-0.0406956545807546,-0.3389866464782347,1,Leadership-Oriented,EMP0859,37.0
-1.423257518348353,0.8551313527228135,-0.002937438561759,0.9488944876308556,1.273028516755111,1.5685706459096125,-0.2816756057466246,-0.2237495597404854,-0.8611556984860655,0,Emerging Performers,EMP0860,41.0
1.465699130720695,-1.4747175424201815,1.4466884916663851,0.7724582457236828,-0.1647381299884807,-1.1876276530469996,0.699385479501383,0.7365164567119572,2.6199713148994737,4,Strategic High Performers,EMP0861,53.0
0.743459968453433,0.1740985987579379,-1.6337666100684212,0.2784367683835991,0.3310434723368956,-0.7035361671112774,-0.3381053805735168,-0.2216677415852371,-1.122240224489981,2,Low Consistent Performers,EMP0862,46.0
0.0212208061861709,1.4644764483755968,-1.8149698513469392,1.1253307295380284,1.7588944870339789,0.5457321836905867,-0.3690752569936631,-0.2448916855368061,-1.296296575159258,0,Emerging Performers,EMP0863,34.0
0.0212208061861709,0.7117560360986291,-0.7277504036758311,0.9841817360122902,1.2234503565225734,1.693497480989799,-0.3193794087845912,-0.2126012614799117,-0.5130429971475117,0,Emerging Performers,EMP0864,37.0
0.743459968453433,-1.725624346512504,0.359469043995277,1.6899267036409813,0.4698623209880008,1.787192607299939,-0.2800368622857426,4.678822626492752,0.7923796328720655,3,Reliable Core Talent,EMP0865,41.0
1.465699130720695,1.141881985971182,-0.9089536449543492,1.3017669714452011,1.729147590894457,1.4748755195994727,-0.3192635676465747,-0.2206446540327213,-0.2084443834762769,2,Low Consistent Performers,EMP0866,49.0
-1.423257518348353,0.9985066693469976,1.265485250387867,1.231192474682332,1.590328742243352,-0.3209477346782067,0.3877510980236612,-0.2162932943156919,-0.5565570848148309,0,Emerging Performers,EMP0867,41.0
1.465699130720695,0.9268190110349056,1.6278917329449032,-0.9919041733480448,-0.3233882427326009,-0.4146428609883462,-0.0683233459802427,-0.3374626509381648,2.83754175323607,4,Strategic High Performers,EMP0868,52.0
1.465699130720695,1.607851764999781,-0.9089536449543492,-0.18029746057505,0.7375843862437039,-0.4692983513359277,-0.2371665240930401,-0.3097797819279846,-0.2084443834762769,2,Low Consistent Performers,EMP0869,49.0
0.0212208061861709,-0.0051205470222924,-1.8149698513469392,-0.2155847089564846,-0.1845693940814957,1.4124121020593798,-0.3690752569936631,-0.2479321656800884,-1.296296575159258,2,Low Consistent Performers,EMP0870,50.0
0.743459968453433,0.1382547696018919,0.7218755265523131,-1.450638402306694,-1.1463857025927258,-0.5864172592236024,-0.1754383597647874,-0.355392185289586,1.1404923342106197,4,Strategic High Performers,EMP0871,55.0
0.0212208061861709,-1.7973120048245963,0.359469043995277,0.4548730102907719,-0.6109415720813194,-1.4765209591699306,0.5306811526863757,9.434133570586315,0.2702105808642346,3,Reliable Core Talent,EMP0872,58.0
-0.701018356081091,0.0307232821337536,1.4466884916663851,0.4548730102907719,0.4004528966624482,-0.9065422741165802,0.4856933322023737,-0.1944861077768327,0.2702105808642346,4,Strategic High Performers,EMP0873,41.0
0.0212208061861709,-1.5822490298883198,-0.184140679840277,0.6665965005793792,-0.3134726106860936,-1.2735148521646278,0.1883825185689696,1.150688700229784,-0.1214162081416385,1,Leadership-Oriented,EMP0874,26.0
1.465699130720695,-1.5464052007322735,-1.6337666100684212,-1.2742021603995213,-1.9297206342668205,-0.5317617688760212,-0.3576783424710493,-0.0956629585044168,-1.0787261368226615,1,Leadership-Oriented,EMP0875,41.0
0.743459968453433,-0.1843396928025228,1.6278917329449032,1.5487777101152431,1.203619092429558,0.9205126889311456,-0.1416158284961183,-0.0664841571293687,2.0107740875570044,4,Strategic High Performers,EMP0876,58.0
0.0212208061861709,-1.7973120048245963,0.5406722852737951,0.0314260297135572,-0.9679043257555904,-1.0548928907743016,-0.049765151834224,7.593368043840421,0.4007528438661923,3,Reliable Core Talent,EMP0877,58.0
-1.423257518348353,0.5325368903183988,0.9030787678308312,0.3842985135279028,0.6185968016856137,1.0298236696263086,-0.2256577084708381,-0.2391822404192642,-0.6435852601494694,0,Emerging Performers,EMP0878,52.0
-0.701018356081091,1.536164106687689,-0.7277504036758311,-1.2742021603995213,-0.2242319222675256,-0.8596947109615104,-0.2289492587648046,-0.3588043070751401,-0.7741275231514271,1,Leadership-Oriented,EMP0879,54.0
-0.701018356081091,0.5683807194744448,0.178265802716759,-0.0038612186678773,0.3112122082438806,-1.039277036389278,0.2113231677690779,-0.2665175946156264,-0.3389866464782347,1,Leadership-Oriented,EMP0880,53.0
-0.701018356081091,0.2816300862260762,1.0842820091093492,-1.6623618925953014,-1.245542023057801,-2.163618552110956,3.4298962505442785,-0.3728827668226107,0.0961542301949577,1,Leadership-Oriented,EMP0881,38.0
1.465699130720695,-1.4030298841080897,-0.5465471623973132,-1.1683404152552177,-1.761154889476192,-0.1257495548654152,-0.3007718309163542,-0.1531868812152261,0.2266964931969154,1,Leadership-Oriented,EMP0882,44.0
-1.423257518348353,-0.721997130143214,-1.8149698513469392,-0.5684571927708302,-0.8786636373370226,0.9283206161236572,-0.3690752569936631,-0.2100922671226933,-1.296296575159258,1,Leadership-Oriented,EMP0883,58.0
-0.701018356081091,1.7512270816239657,-1.6337666100684212,0.8430327424865519,1.6795694306619189,1.7013054081823105,-0.3602813414669549,-0.2682347266368446,-1.2092683998246194,0,Emerging Performers,EMP0884,38.0
-1.423257518348353,-0.0051205470222924,-1.8149698513469392,0.8783199908679865,0.7375843862437039,1.256253558209147,-0.3690752569936631,-0.1546907746194302,-1.296296575159258,0,Emerging Performers,EMP0885,39.0
0.0212208061861709,0.640068377786537,1.265485250387867,-0.6037444411522648,-0.154822497941973,0.1787596056425389,-0.1689228325262715,-0.3076955818297669,0.9229218958740232,4,Strategic High Performers,EMP0886,35.0
-0.701018356081091,-1.187966909171813,-0.184140679840277,-0.815467931440872,-1.3446983435228763,-0.8440788565764872,-0.2217013623046912,-0.1446648185914025,-0.5130429971475117,1,Leadership-Oriented,EMP0887,37.0
0.0212208061861709,1.2852573025953664,1.6278917329449032,-0.3920209508636574,0.3806216325694332,0.1319120424874689,-0.1062823250401889,-0.3127551572406127,1.1840064218779387,4,Strategic High Performers,EMP0888,45.0
-1.423257518348353,-1.5822490298883198,1.265485250387867,0.59602200381651,-0.3729664029651389,0.3505340038777955,-0.1813353859816136,1.1068609495929769,-0.5565570848148309,0,Emerging Performers,EMP0889,41.0
0.743459968453433,0.0307232821337536,-1.2713601275113853,0.9136072392494212,0.7871625464762416,-0.6879203127262542,-0.2312093555104313,-0.1561368259696265,-0.7741275231514271,2,Low Consistent Performers,EMP0890,34.0
0.743459968453433,-1.2954983966399511,-0.002937438561759,-0.3214464541007883,-0.9877355898486052,-0.9924294732342084,-0.1499038238664741,0.0462293841822459,0.4442669315335116,1,Leadership-Oriented,EMP0891,42.0
0.743459968453433,1.2852573025953664,-0.002937438561759,-1.6976491409767358,-0.7200135245929024,1.053247451203844,-0.2974865979320185,-0.3779930159471244,0.4442669315335116,1,Leadership-Oriented,EMP0892,40.0
0.0212208061861709,-0.9729039342355364,1.265485250387867,-1.203627663636652,-1.5529266164995343,0.2490309503751437,-0.2222968123842426,-0.2746262736047123,0.9229218958740232,4,Strategic High Performers,EMP0893,37.0
1.465699130720695,-0.6503094718311218,0.7218755265523131,-0.9919041733480448,-1.1959638628252631,-0.5864172592236027,-0.1716039657602552,-0.2763694227777671,1.749689561553089,4,Strategic High Performers,EMP0894,49.0
0.743459968453433,-0.1126520344904306,0.359469043995277,0.1020005264764263,0.0236588788951625,1.107902941551425,-0.2691023225847699,-0.2107108039260354,0.7923796328720655,4,Strategic High Performers,EMP0895,26.0
1.465699130720695,1.536164106687689,-1.6337666100684212,0.59602200381651,1.352353573127171,2.013622495882777,-0.3616553907680031,-0.2723144374673985,-1.0787261368226615,2,Low Consistent Performers,EMP0896,29.0
0.743459968453433,1.6795394233118732,1.265485250387867,-1.5565001474509976,-0.3828820350116458,-0.4380666425658812,-0.1114322425196803,-0.3723256343992613,1.6626613862184505,4,Strategic High Performers,EMP0897,36.0
0.0212208061861709,-1.5105613715762276,1.0842820091093492,-1.3447766571623905,-1.9693831624528504,-0.9611977644641616,-0.1388345595671211,-0.1617089438390497,0.7923796328720655,1,Leadership-Oriented,EMP0898,30.0
0.0212208061861709,-0.3277150094267071,1.265485250387867,1.2664797230637663,0.8863188669413169,-0.0320544285552752,-0.012921678161981,-0.0655313799416119,0.9229218958740232,4,Strategic High Performers,EMP0899,39.0
-0.701018356081091,-0.721997130143214,0.178265802716759,-0.18029746057505,-0.5514477798022744,0.2568388775676554,-0.2512500128688961,-0.1556610284285942,-0.3389866464782347,1,Leadership-Oriented,EMP0900,41.0
0.0212208061861709,0.4608492320063066,-0.3653439211187951,1.3017669714452011,1.352353573127171,-0.6410727495711842,0.3013314796306795,-0.1723615221188292,-0.2519584711435962,2,Low Consistent Performers,EMP0901,57.0
0.0212208061861709,0.4250054028502605,0.9030787678308312,-1.521212899069563,-1.0472293821276504,0.6160035284231914,-0.2490234888481523,-0.3638035717754378,0.6618373698701078,1,Leadership-Oriented,EMP0902,47.0
-0.701018356081091,-1.7973120048245963,0.359469043995277,0.4548730102907719,-0.6109415720813194,-1.3984416872448142,0.3432319006697009,9.434133570586315,-0.2519584711435962,3,Reliable Core Talent,EMP0903,23.0
0.743459968453433,1.6436955941558271,0.178265802716759,0.3490112651464682,1.203619092429558,0.9439364705086808,-0.2475965169270429,-0.2868163374094085,0.6183232822027885,2,Low Consistent Performers,EMP0904,59.0
0.0212208061861709,-0.6503094718311218,-0.9089536449543492,-0.0391484670493118,-0.3927976670581539,0.428613275802912,-0.317830137737306,-0.1508626823178196,-0.6435852601494694,1,Leadership-Oriented,EMP0905,27.0
0.0212208061861709,0.0307232821337536,-1.8149698513469392,-0.8860424282037411,-0.7299291566394096,-0.266292244330625,-0.3690752569936631,-0.3065840084440508,-1.296296575159258,1,Leadership-Oriented,EMP0906,24.0
1.465699130720695,1.4286326192195506,-0.002937438561759,-0.2508719573379191,0.5789342734995838,-0.7894233662289054,0.0058232470396863,-0.3091125325192512,0.879407808206704,4,Strategic High Performers,EMP0907,42.0
-1.423257518348353,-1.5105613715762276,-0.002937438561759,-0.0038612186678773,-0.8390011091509926,-1.039277036389278,-0.1146798435424616,0.4859678155715435,-0.8611556984860655,1,Leadership-Oriented,EMP0908,44.0
0.0212208061861709,-1.6539366882004118,-1.8149698513469392,-0.0038612186678773,-0.9183261655230528,-0.4458745697583929,-0.3690752569936631,1.1813681256755486,-1.296296575159258,1,Leadership-Oriented,EMP0909,47.0
-1.423257518348353,0.1024109404458458,-0.3653439211187951,-1.80351088612104,-1.4636859280809664,-0.313139807485695,-0.2820759094927942,-0.3832825720584631,-0.948183873820704,1,Leadership-Oriented,EMP0910,43.0
0.743459968453433,-1.4388737132641356,-0.3653439211187951,-1.2742021603995213,-1.8702268419877752,-0.1491733364429499,-0.2920690777868129,-0.174104671291884,0.0961542301949577,1,Leadership-Oriented,EMP0911,41.0
-0.701018356081091,0.2457862570700301,1.6278917329449032,1.5134904617338083,1.4118473654062162,-0.7972312934214172,6.397842740808296,-0.1346734348255404,0.3572387561988731,4,Strategic High Performers,EMP0912,51.0
0.743459968453433,-0.721997130143214,1.0842820091093492,-0.4978826960079611,-0.8191698450579773,-0.7425758030738357,-0.0768466794907445,-0.2001956782692207,1.4886050355491736,4,Strategic High Performers,EMP0913,53.0
1.465699130720695,-0.291871180270661,1.265485250387867,-1.4153511539252597,-1.3546139755693838,-0.3677952978332764,-0.1705634261694469,-0.3440414464882987,2.402400876562877,4,Strategic High Performers,EMP0914,23.0
0.0212208061861709,-0.6503094718311218,0.359469043995277,0.2784367683835991,-0.1250756018024504,1.5061072283695198,-0.2831688661196896,-0.1090271021645038,0.2702105808642346,2,Low Consistent Performers,EMP0915,59.0
0.743459968453433,-0.7936847884553061,-0.184140679840277,0.20786227162073,-0.263894450453556,0.8502413441985404,-0.289438431913287,-0.0817778737121525,0.2702105808642346,2,Low Consistent Performers,EMP0916,51.0
-0.701018356081091,-1.725624346512504,0.178265802716759,-0.6743189379151339,-1.5231797203600117,0.6472352371932379,-0.2848238727539103,1.2529534517156669,-0.3389866464782347,1,Leadership-Oriented,EMP0917,41.0
-1.423257518348353,0.1740985987579379,1.0842820091093492,0.3490112651464682,0.3905372646159409,1.5451468643320776,-0.2478314854764947,-0.2161892727556362,-0.6000711724821501,0,Emerging Performers,EMP0918,48.0
0.743459968453433,0.0665671112897997,-0.5465471623973132,1.5134904617338083,1.3126910449411409,1.8028084616849624,-0.3114319031943157,-0.1112197426337552,-0.0779021204743192,2,Low Consistent Performers,EMP0919,33.0
1.465699130720695,1.3927887900635043,1.265485250387867,-0.0038612186678773,0.767331282383227,0.7799699994659361,-0.1856022012318875,-0.2963575332954625,2.402400876562877,4,Strategic High Performers,EMP0920,44.0
0.0212208061861709,0.4966930611623527,-0.3653439211187951,-1.6623618925953014,-1.1265544384997106,-0.4458745697583929,-0.2682176063510629,-0.3738427488443816,-0.2519584711435962,1,Leadership-Oriented,EMP0921,36.0
0.0212208061861709,-1.2954983966399511,-1.8149698513469392,0.8077454941051174,-0.0358349133838828,-0.805039220613929,-0.3690752569936631,0.3734765889370721,-1.296296575159258,2,Low Consistent Performers,EMP0922,56.0
1.465699130720695,-1.689780517356458,-0.7277504036758311,-0.0038612186678773,-0.938157429616068,-1.687334993367745,0.1337297954745939,1.5725308001090517,0.0091260548603192,1,Leadership-Oriented,EMP0923,24.0
-1.423257518348353,0.0307232821337536,1.6278917329449032,-0.4273081992450919,-0.3432195068256162,0.0147931345997942,-0.1316395377725417,-0.2682347266368446,-0.4695289094801924,1,Leadership-Oriented,EMP0925,26.0
-1.423257518348353,-0.6503094718311218,-0.5465471623973132,0.8783199908679865,0.3806216325694336,-0.961197764464162,0.0464372516432992,-0.030004339652685,-0.9916979614880232,0,Emerging Performers,EMP0927,31.0
-1.423257518348353,1.07019432765909,0.5406722852737951,-1.133053166873783,-0.3630507709186312,0.5066925477280279,-0.2464263424291103,-0.3473005298689857,-0.7306134354841078,1,Leadership-Oriented,EMP0928,43.0
0.743459968453433,-1.008747763391583,0.178265802716759,1.3370542198266355,0.5690186414530765,1.2406377038241234,-0.2692615151554847,0.2102976159139454,0.6183232822027885,2,Low Consistent Performers,EMP0929,41.0
-0.701018356081091,0.0307232821337536,1.0842820091093492,-0.0744357154307464,-0.0457505454303904,1.373372466096821,-0.2497358379087016,-0.2387352790928399,0.0961542301949577,0,Emerging Performers,EMP0930,59.0
-0.701018356081091,1.5003202775316429,0.7218755265523131,1.5840649584966775,2.165435400940789,0.7096986547333314,-0.1228456222458335,-0.2249371504029022,-0.0779021204743192,0,Emerging Performers,EMP0931,41.0
0.743459968453433,0.9985066693469976,0.178265802716759,-0.0038612186678773,0.5491873773600611,-0.4458745697583927,-0.1034691982039341,-0.2842540468854244,0.6183232822027885,2,Low Consistent Performers,EMP0932,23.0
-1.423257518348353,1.2135696442832742,1.4466884916663851,-0.815467931440872,-0.0160036492908674,1.17817428628403,-0.2289492587648046,-0.3327517536772032,-0.5130429971475117,0,Emerging Performers,EMP0933,46.0
0.0212208061861709,-0.1484958636464767,-0.5465471623973132,-0.6037444411522648,-0.5911103079883044,-0.867502638154022,-0.2156552538046308,-0.2723144374673985,-0.3825007341455539,1,Leadership-Oriented,EMP0934,59.0
-0.701018356081091,0.3891615736942144,1.265485250387867,1.0900434811565938,1.134209668104005,0.0147931345997942,-0.0021291454701119,-0.1804025005622756,0.1831824055295961,0,Emerging Performers,EMP0935,51.0
0.743459968453433,0.3891615736942144,0.359469043995277,0.59602200381651,0.7177531221506893,1.623226136257194,-0.2756579248410907,-0.2150405615494296,0.7923796328720655,2,Low Consistent Performers,EMP0936,27.0
0.0212208061861709,1.3569449609074584,-0.7277504036758311,-1.6623618925953014,-0.6506041002673494,0.7253145091183538,-0.3205088598802519,-0.3763883191493025,-0.5130429971475117,1,Leadership-Oriented,EMP0937,36.0
0.743459968453433,1.07019432765909,-0.002937438561759,1.1959052263008976,1.600244374289859,0.4910766933430049,-0.1994783146928621,-0.2223102780529063,0.4442669315335116,2,Low Consistent Performers,EMP0938,42.0
-1.423257518348353,-1.3671860549520434,-0.9089536449543492,-1.6623618925953014,-2.157780171336493,-0.5083379872984862,-0.3163117638334139,-0.3360834559880555,-1.0787261368226615,1,Leadership-Oriented,EMP0939,41.0
-1.423257518348353,0.7475998652546753,-1.0901568862328672,-0.0038612186678773,0.4103685287089559,-0.6254568951861607,-0.257340800889606,-0.2746262736047123,-1.122240224489981,0,Emerging Performers,EMP0940,34.0
-1.423257518348353,0.0307232821337536,-0.3653439211187951,-1.2742021603995213,-1.0571450141741578,0.7955858538509591,-0.3084533712350789,-0.3390334007424561,-0.948183873820704,1,Leadership-Oriented,EMP0941,32.0
-1.423257518348353,-0.5786218135190296,0.9030787678308312,0.3137240167650336,-0.0556661774768977,-0.1023257732878805,-0.1417431853989724,-0.1203160682376208,-0.6435852601494694,0,Emerging Performers,EMP0942,25.0
1.465699130720695,1.4286326192195506,1.0842820091093492,-0.0038612186678773,0.7871625464762416,1.7247291897598458,-0.2503573973831025,-0.2973127535016493,2.1848304382262813,4,Strategic High Performers,EMP0943,55.0
0.0212208061861709,-0.9012162759234444,0.7218755265523131,-1.4153511539252597,-1.6917454651506396,-2.0308837898382577,0.4619497602802617,-0.3183837874616527,0.5312951068681501,1,Leadership-Oriented,EMP0944,35.0
0.743459968453433,-0.0051205470222924,0.7218755265523131,1.3723414682080703,1.1540409321970204,0.7409303635033774,-0.1877607077702613,-0.1125817593017137,1.1404923342106197,2,Low Consistent Performers,EMP0945,59.0
0.743459968453433,-1.689780517356458,0.5406722852737951,1.5487777101152431,0.3707060005229259,-0.3756032250257879,-0.0441632201647602,3.2598991996261235,0.9664359835413424,3,Reliable Core Talent,EMP0946,33.0
0.0212208061861709,-0.2560273511146149,-0.002937438561759,1.3017669714452011,0.95572829126687,0.5457321836905862,-0.2307631875444662,-0.0764883176008137,0.0091260548603192,2,Low Consistent Performers,EMP0947,35.0
0.743459968453433,0.0307232821337536,-0.9089536449543492,1.619352206878112,1.3821004692666932,-0.5473776232610442,-0.012921678161981,-0.097137930881617,-0.4260148218128731,2,Low Consistent Performers,EMP0948,35.0
-0.701018356081091,-0.3635588385827532,0.7218755265523131,-0.0391484670493118,-0.2341475543140333,0.4129974214178884,-0.2202349553923631,-0.1962129047062379,-0.0779021204743192,1,Leadership-Oriented,EMP0949,46.0
0.743459968453433,0.3533177445381684,0.5406722852737951,-0.2508719573379191,-0.0160036492908678,0.5066925477280279,-0.2328988886168435,-0.2726354638934093,0.9664359835413424,4,Strategic High Performers,EMP0950,40.0
-0.701018356081091,0.1382547696018919,-1.6337666100684212,1.3017669714452011,1.1738721962900358,-0.3677952978332764,-0.3325466848057983,-0.1378471684923436,-1.2092683998246194,0,Emerging Performers,EMP0951,39.0
0.0212208061861709,-1.7614681756685502,0.359469043995277,-1.5917873958324322,-2.3164302840806137,-1.734182556522815,-0.0841523939283174,0.0769088096280109,0.2702105808642346,1,Leadership-Oriented,EMP0952,33.0
1.465699130720695,0.3891615736942144,0.7218755265523131,-0.3920209508636574,-0.1151599697559427,-1.4374813232073724,0.9605647706446164,-0.2843166835237375,1.749689561553089,4,Strategic High Performers,EMP0953,24.0
-0.701018356081091,-0.0768082053343845,-1.6337666100684212,-0.9213296765851756,-0.8191698450579773,-0.2741001715231367,-0.3562408937925214,-0.3050187316355934,-1.2092683998246194,1,Leadership-Oriented,EMP0954,58.0
0.743459968453433,0.8192875235667674,-0.9089536449543492,0.0314260297135572,0.4797779530345089,1.7325371169523571,-0.3334598991104949,-0.2754899961679377,-0.4260148218128731,2,Low Consistent Performers,EMP0955,30.0
0.743459968453433,0.4966930611623527,-0.002937438561759,1.4076287165895047,1.4614255256387538,0.959552324893704,-0.2462636780861865,-0.1685265939381086,0.4442669315335116,2,Low Consistent Performers,EMP0956,50.0
-0.701018356081091,-0.8295286176113522,1.6278917329449032,-0.0744357154307464,-0.5217008836627515,0.3739577854553307,-0.174343803819506,-0.1148375994080199,0.3572387561988731,4,Strategic High Performers,EMP0957,49.0
0.743459968453433,1.536164106687689,1.0842820091093492,0.5607347554350756,1.3226066769876486,-0.266292244330625,0.1158998290750102,-0.27394632179962,1.4886050355491736,4,Strategic High Performers,EMP0958,43.0
1.465699130720695,-0.1126520344904306,-0.3653439211187951,0.0667132780949918,-0.0060880172443605,-1.1720117986619765,0.0692676092607148,-0.2139065774099692,0.4442669315335116,2,Low Consistent Performers,EMP0959,22.0
1.465699130720695,-1.259654567483905,0.178265802716759,1.478203213352374,0.5491873773600611,0.0304089889848177,-0.1707112384038655,0.5083382299590804,1.0969782465433002,2,Low Consistent Performers,EMP0960,33.0
0.0212208061861709,-1.3313422257959973,0.5406722852737951,1.6899267036409813,0.6880062260111663,-0.1101337004803922,-0.0841523939283174,0.7014542562025115,0.4007528438661923,2,Low Consistent Performers,EMP0961,25.0
-1.423257518348353,-0.0051205470222924,0.9030787678308312,-0.7096061862965684,-0.6010259400348121,-1.6795270661752335,1.1572972237135457,-0.290041180997805,-0.6435852601494694,1,Leadership-Oriented,EMP0962,41.0
1.465699130720695,0.9985066693469976,0.9030787678308312,-0.0391484670493118,0.5194404812205389,0.4598449845729584,-0.187980216909757,-0.286195782673131,1.9672599998896847,4,Strategic High Performers,EMP0963,24.0
-0.701018356081091,0.0307232821337536,0.9030787678308312,1.478203213352374,1.2631128847086033,0.8112017082359827,-0.1765598089765376,-0.1089377098992189,0.0091260548603192,0,Emerging Performers,EMP0964,27.0
0.743459968453433,-0.9729039342355364,-0.9089536449543492,-1.4859256506881289,-1.790901785615715,-0.0632861373253222,-0.3225192336169726,-0.3257586493476539,-0.4260148218128731,1,Leadership-Oriented,EMP0965,22.0
0.0212208061861709,-0.7936847884553061,-1.452563368789903,0.3490112651464682,-0.1449068658954653,1.17817428628403,-0.3530683545742616,-0.0606196492667974,-1.0352120491553425,2,Low Consistent Performers,EMP0966,38.0
-0.701018356081091,1.7512270816239657,-1.8149698513469392,1.3723414682080703,2.125772872754758,0.998591960856262,-0.3690752569936631,-0.2452251575525209,-1.296296575159258,0,Emerging Performers,EMP0967,24.0
-1.423257518348353,1.6795394233118732,1.0842820091093492,0.4901602586722064,1.342437941080664,-0.4068349337958347,0.230762349459696,-0.2815395795087325,-0.6000711724821501,0,Emerging Performers,EMP0968,24.0
-1.423257518348353,0.6042245486304909,-1.452563368789903,-1.203627663636652,-0.680350996406872,-0.3756032250257879,-0.3414128431038237,-0.3449332902512569,-1.2092683998246194,1,Leadership-Oriented,EMP0969,41.0
-1.423257518348353,1.4644764483755968,0.5406722852737951,1.6899267036409813,2.2348448252663404,0.8424334170060291,-0.156201853554037,-0.2182139242796192,-0.7306134354841078,0,Emerging Performers,EMP0970,39.0
1.465699130720695,-0.75784095929926,-0.184140679840277,0.8430327424865519,0.2913809441508656,-1.2032435074320231,0.7965182737282055,0.0002102460135985,0.6618373698701078,2,Low Consistent Performers,EMP0971,54.0
0.743459968453433,1.2135696442832742,1.6278917329449032,-0.4978826960079611,0.2517184159648353,-0.4146428609883464,0.0068646317731123,-0.3165097049117983,2.0107740875570044,4,Strategic High Performers,EMP0972,47.0
-1.423257518348353,0.7117560360986291,-0.002937438561759,0.1725750232392954,0.5392717453135538,0.7409303635033779,-0.2627607558498774,-0.2622932886103761,-0.8611556984860655,0,Emerging Performers,EMP0973,43.0
-1.423257518348353,0.3174739153821223,-0.9089536449543492,-1.768223637739605,-1.3149514473833537,-0.1882129724055087,-0.3163117638334139,-0.3807259532713161,-1.0787261368226615,1,Leadership-Oriented,EMP0974,22.0
0.0212208061861709,-0.0409643761783384,-1.6337666100684212,-0.0391484670493118,-0.0556661774768977,0.3271102223002601,-0.3575864318700605,-0.2298854448296384,-1.1657543121573002,2,Low Consistent Performers,EMP0975,40.0
0.743459968453433,-0.4352464968948453,-0.184140679840277,-0.3920209508636574,-0.571279043895289,-1.6170636486351404,0.4856933322023737,-0.2259521851571045,0.2702105808642346,1,Leadership-Oriented,EMP0976,27.0
1.465699130720695,-0.0051205470222924,1.0842820091093492,-1.5917873958324322,-1.3446983435228763,-0.6644965311487192,-0.1499038238664741,-0.3652358512080132,2.1848304382262813,4,Strategic High Performers,EMP0977,47.0
0.743459968453433,1.5720079358437349,-1.6337666100684212,1.0900434811565938,1.788641383173502,0.8502413441985409,-0.3552440500487434,-0.2508766306609513,-1.122240224489981,2,Low Consistent Performers,EMP0978,42.0
1.465699130720695,-1.259654567483905,-1.8149698513469392,-1.2742021603995213,-1.7710705215226998,-0.1725971180204852,-0.3690752569936631,-0.23947276528144,-1.296296575159258,1,Leadership-Oriented,EMP0979,26.0
-1.423257518348353,1.5003202775316429,-0.5465471623973132,-0.3920209508636574,0.4996092171275238,-0.28971602590816,-0.2324684048390453,-0.3173053130353127,-0.9916979614880232,0,Emerging Performers,EMP0980,39.0
0.743459968453433,1.607851764999781,0.5406722852737951,-1.3800639055438249,-0.2738100825000633,0.3427260766852837,-0.2367896419990383,-0.36410793115486,0.9664359835413424,4,Strategic High Performers,EMP0981,36.0
1.465699130720695,-1.3313422257959973,-1.0901568862328672,-0.4625954476265265,-1.1265544384997106,-1.8591093916030013,0.0379574045282591,0.0330810589912039,-0.4260148218128731,1,Leadership-Oriented,EMP0982,41.0
0.743459968453433,0.209942427913984,-1.0901568862328672,1.478203213352374,1.3622692051736789,1.8808877336100789,-0.3368805832009687,-0.1330030486851176,-0.6000711724821501,2,Low Consistent Performers,EMP0983,49.0
-0.701018356081091,0.9626628401909516,-0.5465471623973132,-1.3447766571623905,-0.6010259400348117,-0.8753105653465337,-0.2266138254609903,-0.3577163841869924,-0.6870993478167886,1,Leadership-Oriented,EMP0984,58.0
0.743459968453433,-0.0768082053343845,0.178265802716759,1.231192474682332,0.9953908194529004,-0.7425758030738357,0.4144626164360374,-0.1140549610037912,0.6183232822027885,2,Low Consistent Performers,EMP0985,30.0
0.0212208061861709,-0.721997130143214,1.0842820091093492,0.8430327424865519,0.3112122082438806,-0.914350201309092,0.4169188480141869,-0.0121604900532421,0.7923796328720655,4,Strategic High Performers,EMP0986,47.0
0.0212208061861709,0.6042245486304909,-1.6337666100684212,-1.062478670110914,-0.5613634118487818,-0.3912190794108114,-0.354538376225023,-0.3359099298260319,-1.1657543121573002,1,Leadership-Oriented,EMP0987,41.0
1.465699130720695,0.8909751818788595,-0.002937438561759,-1.5917873958324322,-0.8489167411974999,0.0928724065249107,-0.2673170916131825,-0.371172272540398,0.879407808206704,4,Strategic High Performers,EMP0988,28.0
0.0212208061861709,-0.2560273511146149,-0.9089536449543492,0.59602200381651,0.3607903684764182,0.6550431643857496,-0.3142823987118658,-0.1462142845230068,-0.6435852601494694,2,Low Consistent Performers,EMP0989,30.0
0.0212208061861709,-0.1484958636464767,1.0842820091093492,0.3842985135279028,0.2418027839183276,0.7409303635033779,-0.2062621923848942,-0.1809289148629922,0.7923796328720655,4,Strategic High Performers,EMP0990,54.0
-1.423257518348353,-0.2201835219585688,-0.3653439211187951,0.4901602586722064,0.2913809441508656,1.4904913739844958,-0.3078015230011156,-0.1617089438390497,-0.948183873820704,0,Emerging Performers,EMP0991,43.0
0.0212208061861709,0.0307232821337536,-1.8149698513469392,0.8077454941051174,0.697921858057674,1.2015980678615652,-0.3690752569936631,-0.164986660232828,-1.296296575159258,2,Low Consistent Performers,EMP0992,22.0
0.743459968453433,1.5720079358437349,-1.452563368789903,-0.0038612186678773,0.8664876028483023,1.5061072283695194,-0.3528864579558594,-0.3009325353356204,-0.948183873820704,2,Low Consistent Performers,EMP0993,29.0
0.743459968453433,0.4966930611623527,0.7218755265523131,1.2664797230637663,1.3424379410806633,1.3967962476743565,-0.2343144433816753,-0.1779664171521901,1.1404923342106197,2,Low Consistent Performers,EMP0994,55.0
-0.701018356081091,-0.75784095929926,-1.452563368789903,1.442915964970939,0.7970781785227493,0.4364212029954231,-0.3402951698153454,0.0871352847765992,-1.122240224489981,0,Emerging Performers,EMP0995,46.0
-1.423257518348353,0.0307232821337536,-0.9089536449543492,1.5487777101152431,1.3226066769876486,0.3895736398403537,-0.2822085304493504,-0.103037820390418,-1.0787261368226615,0,Emerging Performers,EMP0996,54.0
0.0212208061861709,-1.259654567483905,0.5406722852737951,-1.133053166873783,-1.6520829369646095,0.2490309503751437,-0.2581771366388878,-0.2011234834742338,0.4007528438661923,1,Leadership-Oriented,EMP0997,30.0
-1.423257518348353,0.0307232821337536,-1.6337666100684212,-0.6037444411522648,-0.4919539875232291,1.0298236696263092,-0.3613327878886265,-0.282984450408847,-1.2527824874919389,0,Emerging Performers,EMP0999,32.0
0.743459968453433,0.0307232821337536,1.4466884916663851,-1.6976491409767358,-1.4141077678484288,0.0616406977548642,-0.2014735728375774,-0.3744327377952617,1.836717736887728,4,Strategic High Performers,EMP1000,40.0
